transaction_id,account_id,amount,timestamp,merchant,category,device_fingerprint,ip_country,channel,is_fraud
TXN-10642,ACCT-0020,55.89,2026-02-28 09:39:17,PharmacyOne,health,fp-0020,US,card-present,0
TXN-10101,ACCT-0026,396.68,2026-02-03 22:07:45,DigitalGoods-Z,digital_goods,fp-0126,US,wallet,0
TXN-10713,ACCT-0041,56.95,2026-02-28 20:25:39,PharmacyOne,health,fp-0041,US,card-present,0
TXN-10766,ACCT-0032,500.81,2026-02-12 07:46:03,AirlineTickets,travel,fp-0032,US,card-not-present,0
TXN-10110,ACCT-0050,252.54,2026-02-08 17:33:05,AirlineTickets,travel,fp-0050,US,card-not-present,0
TXN-10657,ACCT-0023,103.24,2026-02-27 17:03:53,Walmart,retail,fp-0123,GB,card-not-present,0
TXN-10020,ACCT-0029,279.28,2026-02-27 11:34:36,AirlineTickets,travel,fp-0029,CA,card-present,0
TXN-10719,ACCT-0009,195.23,2026-02-22 12:19:04,UtilityPay,utilities,fp-0109,CA,bank-transfer,0
TXN-10198,ACCT-0044,35.92,2026-02-10 05:26:34,Uber,transport,fp-0144,US,card-not-present,0
TXN-10276,ACCT-0021,131.81,2026-02-13 00:43:57,UtilityPay,utilities,fp-0021,US,ach,0
TXN-10417,ACCT-0026,82.83,2026-02-08 14:57:22,Amazon,retail,fp-0026,US,card-not-present,0
TXN-10380,ACCT-0006,324.96,2026-02-17 17:50:49,DigitalGoods-Z,digital_goods,fp-0006,US,wallet,0
TXN-10394,ACCT-0013,189.39,2026-02-03 00:06:14,UtilityPay,utilities,fp-0113,GB,ach,0
TXN-10763,ACCT-0019,95.97,2026-02-28 17:05:35,Target,retail,fp-0019,US,bank-transfer,0
TXN-10090,ACCT-0017,1.50,2026-02-05 07:30:48,Shell-Gas,gas,fp-0117,US,wallet,0
TXN-10022,ACCT-0025,1.50,2026-03-01 14:44:24,Starbucks,food,fp-0125,GB,card-present,0
TXN-10364,ACCT-0031,132.78,2026-02-11 16:08:19,Amazon,retail,fp-0131,US,card-not-present,0
TXN-10498,ACCT-0001,351.37,2026-02-21 22:19:53,AirlineTickets,travel,fp-0101,CA,bank-transfer,0
TXN-10226,ACCT-0037,17.28,2026-02-05 04:16:02,PharmacyOne,health,fp-0137,US,bank-transfer,0
TXN-10128,ACCT-0029,99.92,2026-02-28 11:05:52,Walmart,retail,fp-0129,CA,ach,0
TXN-10159,ACCT-0019,95.87,2026-02-25 06:38:38,UtilityPay,utilities,fp-0019,US,ach,0
TXN-10493,ACCT-0006,279.21,2026-02-15 11:13:12,BestBuy,electronics,fp-0106,US,card-present,0
TXN-10143,ACCT-0048,131.98,2026-02-14 15:57:38,Amazon,retail,fp-0148,US,wallet,0
TXN-10615,ACCT-0027,9.12,2026-02-11 02:23:11,Starbucks,food,fp-0127,CA,card-present,0
TXN-10034,ACCT-0010,62.21,2026-02-05 07:57:04,Uber,transport,fp-0010,US,wallet,0
TXN-10019,ACCT-0013,17.06,2026-02-15 00:27:25,Spotify,entertainment,fp-0113,GB,card-not-present,0
TXN-VELOCITY-1,ACCT-0008,861.58,2026-02-16 02:11:00,DigitalGoods-Z,digital_goods,fp-ring-shared-01,RU,wallet,1
TXN-10070,ACCT-0023,346.01,2026-02-09 05:24:04,AirlineTickets,travel,fp-0023,GB,card-not-present,0
TXN-10661,ACCT-0028,40.48,2026-02-07 00:41:50,PharmacyOne,health,fp-0128,CA,card-not-present,0
TXN-10131,ACCT-0010,255.44,2026-03-01 00:34:25,DigitalGoods-Z,digital_goods,fp-0010,US,card-not-present,0
TXN-10610,ACCT-0004,208.26,2026-02-16 21:31:10,HotelChain,travel,fp-0004,CA,ach,0
TXN-10171,ACCT-0016,52.01,2026-02-14 05:18:22,PharmacyOne,health,fp-0116,US,ach,0
TXN-10553,ACCT-0047,95.57,2026-02-23 23:39:40,Amazon,retail,fp-0147,US,wallet,0
TXN-10348,ACCT-0029,19.66,2026-02-10 18:31:23,Netflix,entertainment,fp-0129,CA,card-not-present,0
TXN-10306,ACCT-0045,64.62,2026-02-27 12:46:46,Shell-Gas,gas,fp-0045,US,ach,0
TXN-10701,ACCT-0032,61.98,2026-02-01 13:42:18,Walmart,retail,fp-0132,US,card-not-present,0
TXN-10492,ACCT-0033,82.53,2026-02-28 02:02:15,Amazon,retail,fp-0133,US,wallet,0
TXN-10523,ACCT-0028,15.37,2026-03-01 11:28:17,Netflix,entertainment,fp-0128,CA,card-not-present,0
TXN-10284,ACCT-0020,220.48,2026-02-08 23:00:04,BestBuy,electronics,fp-0120,US,card-not-present,0
TXN-10122,ACCT-0022,380.12,2026-03-03 11:32:46,BestBuy,electronics,fp-0022,GB,card-present,0
TXN-10243,ACCT-0007,56.91,2026-02-02 17:05:14,PharmacyOne,health,fp-0007,US,card-present,0
TXN-10587,ACCT-0015,1.50,2026-02-21 22:52:37,BestBuy,electronics,fp-0015,GB,card-present,0
TXN-10142,ACCT-0008,32.77,2026-02-16 11:34:18,Amazon,retail,fp-0108,US,card-not-present,0
TXN-10063,ACCT-0048,260.12,2026-02-05 06:42:30,HotelChain,travel,fp-0048,US,ach,0
TXN-10460,ACCT-0026,54.31,2026-02-12 09:17:16,Walmart,retail,fp-0026,US,card-not-present,0
TXN-10366,ACCT-0043,33.36,2026-02-19 01:59:12,Uber,transport,fp-0143,US,wallet,0
TXN-10231,ACCT-0045,376.92,2026-02-03 05:03:21,BestBuy,electronics,fp-0045,US,card-not-present,0
TXN-10613,ACCT-0041,91.46,2026-02-04 08:12:40,Shell-Gas,gas,fp-0041,US,wallet,0
TXN-BENFORD-0,ACCT-0031,566.07,2026-02-26 15:09:41,DigitalGoods-Z,digital_goods,fp-ring-shared-01,NL,bank-transfer,1
TXN-10509,ACCT-0013,148.88,2026-02-21 12:55:23,UtilityPay,utilities,fp-0013,GB,ach,0
TXN-10333,ACCT-0048,344.75,2026-02-27 23:28:04,AirlineTickets,travel,fp-0048,US,wallet,0
TXN-10180,ACCT-0021,163.75,2026-02-10 11:11:28,DigitalGoods-Z,digital_goods,fp-0121,US,wallet,0
TXN-10690,ACCT-0022,57.81,2026-02-27 00:52:42,Walmart,retail,fp-0022,GB,card-not-present,0
TXN-ROUND-5,ACCT-0040,2500.00,2026-02-22 18:13:46,GiftCardKiosk-A,gift_cards,fp-round-struct-01,US,card-not-present,1
TXN-10395,ACCT-0026,271.53,2026-03-01 10:26:34,DigitalGoods-Z,digital_goods,fp-0126,US,wallet,0
TXN-10638,ACCT-0039,189.41,2026-02-04 04:39:53,UtilityPay,utilities,fp-0139,US,ach,0
TXN-10563,ACCT-0032,233.92,2026-02-18 05:48:42,AirlineTickets,travel,fp-0132,US,card-not-present,0
TXN-10542,ACCT-0001,55.83,2026-02-17 11:48:43,Amazon,retail,fp-0001,CA,bank-transfer,0
TXN-10549,ACCT-0032,60.22,2026-02-15 17:39:25,Shell-Gas,gas,fp-0032,US,card-present,0
TXN-10687,ACCT-0018,73.83,2026-02-22 22:01:05,Target,retail,fp-0018,US,wallet,0
TXN-10453,ACCT-0045,19.25,2026-02-22 02:06:45,Starbucks,food,fp-0145,US,wallet,0
TXN-10311,ACCT-0018,56.01,2026-03-01 14:57:10,HotelChain,travel,fp-0118,US,card-not-present,0
TXN-10659,ACCT-0027,35.13,2026-02-10 12:40:07,Target,retail,fp-0027,CA,card-present,0
TXN-10146,ACCT-0015,79.62,2026-02-24 16:55:47,Shell-Gas,gas,fp-0115,GB,wallet,0
TXN-10310,ACCT-0041,3.75,2026-02-20 08:28:11,Starbucks,food,fp-0041,US,wallet,0
TXN-10027,ACCT-0009,677.32,2026-02-20 23:31:00,DigitalGoods-Z,digital_goods,fp-0009,CA,card-not-present,0
TXN-GEO-BASE-3,ACCT-0025,116.62,2026-02-08 10:06:00,Uber,transport,fp-0025,GB,ach,0
TXN-10281,ACCT-0026,73.93,2026-02-10 12:10:25,Shell-Gas,gas,fp-0026,US,wallet,0
TXN-10537,ACCT-0026,15.77,2026-02-24 06:28:45,Spotify,entertainment,fp-0026,US,card-not-present,0
TXN-10512,ACCT-0019,113.17,2026-02-26 19:21:08,HotelChain,travel,fp-0019,US,card-not-present,0
TXN-10383,ACCT-0016,18.48,2026-02-10 12:47:06,Netflix,entertainment,fp-0016,US,card-not-present,0
TXN-10326,ACCT-0025,78.54,2026-02-26 17:46:55,UtilityPay,utilities,fp-0025,GB,ach,0
TXN-10388,ACCT-0023,25.00,2026-02-09 15:54:35,Uber,transport,fp-0123,GB,wallet,0
TXN-10125,ACCT-0017,115.22,2026-02-05 08:32:20,Amazon,retail,fp-0017,US,wallet,0
TXN-10427,ACCT-0001,65.02,2026-02-05 20:59:46,UtilityPay,utilities,fp-0101,CA,wallet,0
TXN-10012,ACCT-0037,118.43,2026-02-04 03:59:56,Walmart,retail,fp-0037,US,card-present,0
TXN-10197,ACCT-0050,38.15,2026-02-14 05:19:19,PharmacyOne,health,fp-0150,US,card-not-present,0
TXN-10684,ACCT-0017,79.66,2026-02-14 20:33:23,Target,retail,fp-0117,US,card-present,0
TXN-10568,ACCT-0034,191.58,2026-02-23 20:56:55,Amazon,retail,fp-0034,GB,card-not-present,0
TXN-10178,ACCT-0025,29.17,2026-03-02 20:01:59,Shell-Gas,gas,fp-0125,GB,card-present,0
TXN-ROUND-2,ACCT-0040,1000.00,2026-02-12 09:20:39,GiftCardKiosk-A,gift_cards,fp-round-struct-01,US,card-not-present,1
TXN-10681,ACCT-0039,13.63,2026-02-13 02:21:32,Target,retail,fp-0039,US,card-present,0
TXN-10400,ACCT-0025,94.93,2026-02-11 21:50:16,UtilityPay,utilities,fp-0125,GB,ach,0
TXN-10733,ACCT-0030,78.19,2026-02-19 22:42:49,Target,retail,fp-0130,GB,card-present,0
TXN-10219,ACCT-0023,272.62,2026-02-25 14:33:39,AirlineTickets,travel,fp-0023,GB,wallet,0
TXN-10513,ACCT-0026,69.08,2026-02-01 12:51:28,PharmacyOne,health,fp-0026,US,card-present,0
TXN-10437,ACCT-0006,138.57,2026-02-16 10:46:41,UtilityPay,utilities,fp-0006,US,ach,0
TXN-10314,ACCT-0003,125.31,2026-02-20 15:05:23,Walmart,retail,fp-0103,US,card-not-present,0
TXN-10292,ACCT-0036,73.06,2026-02-11 12:02:38,Target,retail,fp-0036,US,card-present,0
TXN-10373,ACCT-0042,385.94,2026-02-21 23:35:14,AirlineTickets,travel,fp-0042,US,card-not-present,0
TXN-10630,ACCT-0030,164.57,2026-02-17 15:08:48,UtilityPay,utilities,fp-0030,GB,bank-transfer,0
TXN-10449,ACCT-0045,570.32,2026-02-11 00:26:35,DigitalGoods-Z,digital_goods,fp-0145,US,wallet,0
TXN-10303,ACCT-0035,48.13,2026-03-03 09:27:29,UtilityPay,utilities,fp-0035,US,bank-transfer,0
TXN-10582,ACCT-0026,67.70,2026-02-05 07:10:45,Target,retail,fp-0126,US,card-present,0
TXN-10076,ACCT-0012,13.93,2026-02-02 01:33:01,Starbucks,food,fp-0112,CA,card-present,0
TXN-10341,ACCT-0032,155.72,2026-02-25 01:39:23,AirlineTickets,travel,fp-0032,US,card-not-present,0
TXN-10304,ACCT-0028,29.17,2026-02-23 19:16:27,Walmart,retail,fp-0128,CA,card-not-present,0
TXN-VELOCITY-6,ACCT-0008,549.01,2026-02-16 03:04:00,GiftCardKiosk-A,gift_cards,fp-ring-shared-01,RU,wallet,1
TXN-10748,ACCT-0020,335.26,2026-02-26 15:22:17,DigitalGoods-Z,digital_goods,fp-0020,US,card-present,0
TXN-10623,ACCT-0007,63.77,2026-02-23 14:10:49,PharmacyOne,health,fp-0107,US,card-not-present,0
TXN-10351,ACCT-0026,109.14,2026-02-15 08:33:07,UtilityPay,utilities,fp-0026,US,bank-transfer,0
TXN-10215,ACCT-0043,11.74,2026-02-17 05:51:38,Netflix,entertainment,fp-0143,US,card-not-present,0
TXN-10030,ACCT-0009,14.73,2026-02-04 19:30:41,Starbucks,food,fp-0009,CA,wallet,0
TXN-10546,ACCT-0035,427.70,2026-02-09 10:48:52,AirlineTickets,travel,fp-0135,US,card-not-present,0
TXN-10411,ACCT-0041,67.37,2026-02-10 17:06:39,Target,retail,fp-0141,US,card-present,0
TXN-10000,ACCT-0039,21.60,2026-02-26 00:06:16,Starbucks,food,fp-0039,US,ach,0
TXN-10743,ACCT-0029,505.81,2026-03-03 14:37:57,HotelChain,travel,fp-0029,CA,card-not-present,0
TXN-10278,ACCT-0027,21.00,2026-02-15 20:13:15,Starbucks,food,fp-0127,CA,card-present,0
TXN-10194,ACCT-0023,17.90,2026-02-28 16:59:39,Spotify,entertainment,fp-0123,GB,card-not-present,0
TXN-10677,ACCT-0018,113.85,2026-02-04 16:17:59,AirlineTickets,travel,fp-0118,US,card-not-present,0
TXN-10293,ACCT-0028,42.17,2026-02-02 13:39:29,Uber,transport,fp-0128,CA,wallet,0
TXN-10581,ACCT-0047,26.02,2026-03-02 22:32:50,Uber,transport,fp-0047,US,card-not-present,0
TXN-10401,ACCT-0043,178.00,2026-02-26 20:31:50,UtilityPay,utilities,fp-0143,US,bank-transfer,0
TXN-10530,ACCT-0017,15.08,2026-02-26 12:28:48,Netflix,entertainment,fp-0117,US,card-not-present,0
TXN-10179,ACCT-0006,46.52,2026-02-19 22:18:46,Uber,transport,fp-0106,US,wallet,0
TXN-10655,ACCT-0044,20.55,2026-03-01 11:59:40,Starbucks,food,fp-0144,US,card-present,0
TXN-BENFORD-19,ACCT-0031,771.56,2026-02-25 21:44:28,CryptoExchange-X,crypto,fp-benford-aux-1,US,wallet,1
TXN-10163,ACCT-0033,12.12,2026-02-13 22:23:26,Spotify,entertainment,fp-0033,US,card-not-present,0
TXN-10033,ACCT-0008,69.14,2026-03-02 02:20:02,Walmart,retail,fp-0008,US,card-not-present,0
TXN-10047,ACCT-0049,49.30,2026-02-21 14:25:54,BestBuy,electronics,fp-0049,US,card-present,0
TXN-10647,ACCT-0002,90.30,2026-02-15 18:41:54,Walmart,retail,fp-0002,US,ach,0
TXN-10716,ACCT-0031,67.85,2026-02-24 08:31:05,HotelChain,travel,fp-0031,US,card-not-present,0
TXN-10536,ACCT-0048,274.76,2026-02-23 21:48:32,HotelChain,travel,fp-0148,US,card-not-present,0
TXN-10605,ACCT-0048,471.57,2026-03-03 10:29:02,DigitalGoods-Z,digital_goods,fp-0048,US,bank-transfer,0
TXN-10557,ACCT-0010,330.52,2026-02-17 10:31:00,HotelChain,travel,fp-0010,US,wallet,0
TXN-10140,ACCT-0049,12.95,2026-02-04 23:33:25,Spotify,entertainment,fp-0149,US,card-not-present,0
TXN-10628,ACCT-0033,13.24,2026-02-11 00:02:45,Spotify,entertainment,fp-0033,US,card-not-present,0
TXN-10355,ACCT-0044,21.16,2026-02-06 14:15:16,Uber,transport,fp-0144,US,wallet,0
TXN-10731,ACCT-0042,454.71,2026-02-25 05:28:41,DigitalGoods-Z,digital_goods,fp-0142,US,wallet,0
TXN-10301,ACCT-0006,42.86,2026-02-02 17:27:27,PharmacyOne,health,fp-0006,US,card-not-present,0
TXN-10205,ACCT-0003,32.69,2026-02-03 04:46:03,Uber,transport,fp-0103,US,card-not-present,0
TXN-10604,ACCT-0025,23.66,2026-02-15 14:11:14,Netflix,entertainment,fp-0025,GB,card-present,0
TXN-10250,ACCT-0006,17.62,2026-02-26 18:16:28,Netflix,entertainment,fp-0106,US,card-present,0
TXN-10361,ACCT-0025,9.00,2026-03-02 00:23:16,Shell-Gas,gas,fp-0025,GB,card-present,0
TXN-10238,ACCT-0004,17.33,2026-03-03 04:20:38,Walmart,retail,fp-0104,CA,bank-transfer,0
TXN-10079,ACCT-0037,6.54,2026-02-04 00:07:58,Starbucks,food,fp-0137,US,bank-transfer,0
TXN-10629,ACCT-0022,566.58,2026-02-15 23:03:28,DigitalGoods-Z,digital_goods,fp-0022,GB,wallet,0
TXN-10648,ACCT-0037,78.00,2026-02-16 19:22:13,Target,retail,fp-0037,US,wallet,0
TXN-10260,ACCT-0024,140.36,2026-02-20 06:49:34,Amazon,retail,fp-0024,US,card-not-present,0
TXN-10565,ACCT-0003,46.09,2026-02-20 19:11:02,PharmacyOne,health,fp-0103,US,card-present,0
TXN-10138,ACCT-0024,1.77,2026-02-23 11:21:19,Starbucks,food,fp-0024,US,card-not-present,0
TXN-10722,ACCT-0004,18.26,2026-03-02 03:02:03,Spotify,entertainment,fp-0104,CA,card-not-present,0
TXN-10280,ACCT-0028,147.15,2026-02-26 10:38:46,UtilityPay,utilities,fp-0028,CA,bank-transfer,0
TXN-10099,ACCT-0032,130.33,2026-02-05 17:39:29,Amazon,retail,fp-0032,US,wallet,0
TXN-10472,ACCT-0036,34.33,2026-02-04 23:26:53,Target,retail,fp-0036,US,wallet,0
TXN-10425,ACCT-0007,9.02,2026-02-20 21:59:14,Starbucks,food,fp-0107,US,wallet,0
TXN-10329,ACCT-0006,11.64,2026-03-01 13:46:45,Spotify,entertainment,fp-0106,US,card-not-present,0
TXN-10185,ACCT-0048,62.51,2026-02-16 12:28:25,Target,retail,fp-0048,US,bank-transfer,0
TXN-10175,ACCT-0046,226.12,2026-03-01 14:13:27,AirlineTickets,travel,fp-0046,US,wallet,0
TXN-10758,ACCT-0045,78.68,2026-02-22 02:50:12,Target,retail,fp-0045,US,card-present,0
TXN-10606,ACCT-0045,52.20,2026-02-27 21:37:00,Shell-Gas,gas,fp-0145,US,wallet,0
TXN-10162,ACCT-0016,14.93,2026-03-02 19:30:49,Starbucks,food,fp-0116,US,bank-transfer,0
TXN-10191,ACCT-0050,24.57,2026-02-26 00:23:29,Uber,transport,fp-0050,US,wallet,0
TXN-VELOCITY-2,ACCT-0008,476.00,2026-02-16 02:12:00,DigitalGoods-Z,digital_goods,fp-ring-shared-01,RU,wallet,1
TXN-10505,ACCT-0029,561.55,2026-02-22 08:28:17,AirlineTickets,travel,fp-0129,CA,ach,0
TXN-10533,ACCT-0027,527.41,2026-02-19 22:42:39,DigitalGoods-Z,digital_goods,fp-0027,CA,card-not-present,0
TXN-10458,ACCT-0021,50.42,2026-02-03 11:06:59,PharmacyOne,health,fp-0121,US,wallet,0
TXN-GEO-BASE-2,ACCT-0025,87.58,2026-02-08 09:24:00,Amazon,retail,fp-0125,GB,ach,0
TXN-10156,ACCT-0043,57.89,2026-03-01 00:00:52,Target,retail,fp-0043,US,wallet,0
TXN-10352,ACCT-0009,120.23,2026-02-02 04:57:31,Walmart,retail,fp-0109,CA,card-present,0
TXN-10071,ACCT-0047,17.27,2026-02-16 11:23:53,Uber,transport,fp-0147,US,wallet,0
TXN-10189,ACCT-0008,1.50,2026-02-25 04:49:42,BestBuy,electronics,fp-0008,US,card-not-present,0
TXN-10419,ACCT-0042,170.54,2026-02-02 08:22:23,UtilityPay,utilities,fp-0142,US,bank-transfer,0
TXN-VELOCITY-7,ACCT-0008,372.06,2026-02-16 03:09:00,GiftCardKiosk-A,gift_cards,fp-ring-shared-01,RU,wallet,1
TXN-10593,ACCT-0046,91.83,2026-02-28 17:39:37,Walmart,retail,fp-0046,US,card-present,0
TXN-10141,ACCT-0039,29.69,2026-02-01 16:52:31,Amazon,retail,fp-0039,US,wallet,0
TXN-10609,ACCT-0026,13.45,2026-02-24 16:04:28,Starbucks,food,fp-0126,US,wallet,0
TXN-10762,ACCT-0033,615.58,2026-02-23 07:16:11,AirlineTickets,travel,fp-0033,US,card-not-present,0
TXN-10774,ACCT-0032,194.13,2026-02-20 04:48:55,BestBuy,electronics,fp-0132,US,bank-transfer,0
TXN-10286,ACCT-0011,329.98,2026-02-20 01:23:10,DigitalGoods-Z,digital_goods,fp-0111,CA,wallet,0
TXN-ROUND-4,ACCT-0040,2000.00,2026-02-16 02:05:45,GiftCardKiosk-A,gift_cards,fp-round-struct-01,US,card-not-present,1
TXN-10210,ACCT-0020,20.21,2026-02-26 00:19:04,Netflix,entertainment,fp-0120,US,card-not-present,0
TXN-BENFORD-6,ACCT-0031,524.56,2026-02-26 09:29:43,CryptoExchange-X,crypto,fp-ring-shared-01,US,card-not-present,1
TXN-10708,ACCT-0038,52.45,2026-02-11 04:47:43,PharmacyOne,health,fp-0038,CA,card-not-present,0
TXN-RING-11,ACCT-0031,1003.81,2026-02-14 03:17:00,DigitalGoods-Z,digital_goods,fp-ring-shared-01,DE,wallet,1
TXN-BENFORD-14,ACCT-0031,577.31,2026-02-11 05:48:18,CryptoExchange-X,crypto,fp-ring-shared-01,US,card-not-present,1
TXN-10169,ACCT-0020,53.51,2026-02-03 00:20:59,Walmart,retail,fp-0120,US,card-present,0
TXN-GEO-4,ACCT-0025,2621.39,2026-02-19 01:44:00,CryptoExchange-X,crypto,fp-prague-emulator-77,CZ,card-not-present,1
TXN-10100,ACCT-0030,101.43,2026-02-23 05:48:45,Amazon,retail,fp-0130,GB,wallet,0
TXN-10015,ACCT-0036,234.92,2026-02-18 22:32:56,BestBuy,electronics,fp-0036,US,card-present,0
TXN-10111,ACCT-0020,232.43,2026-02-14 22:00:43,AirlineTickets,travel,fp-0020,US,wallet,0
TXN-10465,ACCT-0035,116.91,2026-02-23 01:23:14,UtilityPay,utilities,fp-0135,US,ach,0
TXN-10372,ACCT-0029,123.03,2026-02-13 23:24:41,HotelChain,travel,fp-0129,CA,ach,0
TXN-10298,ACCT-0009,2.74,2026-02-12 22:05:44,PharmacyOne,health,fp-0009,CA,card-present,0
TXN-10779,ACCT-0020,64.26,2026-02-13 11:43:34,HotelChain,travel,fp-0120,US,card-not-present,0
TXN-10457,ACCT-0038,126.60,2026-02-09 03:58:52,UtilityPay,utilities,fp-0038,CA,ach,0
TXN-10017,ACCT-0031,295.11,2026-02-13 13:23:12,AirlineTickets,travel,fp-0131,US,card-not-present,0
TXN-10558,ACCT-0029,225.40,2026-02-07 13:01:08,HotelChain,travel,fp-0029,CA,card-not-present,0
TXN-10214,ACCT-0027,18.27,2026-02-25 04:32:44,Spotify,entertainment,fp-0027,CA,card-not-present,0
TXN-10435,ACCT-0031,69.32,2026-02-16 06:36:46,UtilityPay,utilities,fp-0131,US,bank-transfer,0
TXN-10037,ACCT-0045,150.01,2026-02-12 18:35:18,Walmart,retail,fp-0045,US,bank-transfer,0
TXN-10398,ACCT-0018,676.76,2026-02-13 14:00:09,DigitalGoods-Z,digital_goods,fp-0118,US,card-not-present,0
TXN-10406,ACCT-0012,10.81,2026-02-04 06:42:57,Starbucks,food,fp-0012,CA,wallet,0
TXN-10490,ACCT-0046,103.21,2026-02-04 23:57:49,UtilityPay,utilities,fp-0146,US,bank-transfer,0
TXN-10271,ACCT-0040,48.39,2026-02-13 16:47:35,PharmacyOne,health,fp-0140,US,card-not-present,0
TXN-BENFORD-17,ACCT-0031,753.34,2026-02-22 07:38:42,CryptoExchange-X,crypto,fp-benford-aux-1,US,card-not-present,1
TXN-10117,ACCT-0030,202.60,2026-02-10 14:39:04,HotelChain,travel,fp-0030,GB,card-not-present,0
TXN-10104,ACCT-0002,66.17,2026-02-11 00:52:13,Amazon,retail,fp-0102,US,card-not-present,0
TXN-10105,ACCT-0006,49.15,2026-02-27 19:47:22,PharmacyOne,health,fp-0106,US,card-present,0
TXN-10109,ACCT-0018,113.20,2026-02-18 17:54:38,Amazon,retail,fp-0018,US,wallet,0
TXN-10508,ACCT-0040,700.25,2026-02-17 09:51:16,DigitalGoods-Z,digital_goods,fp-0040,US,wallet,0
TXN-10277,ACCT-0011,13.71,2026-02-09 12:20:04,Target,retail,fp-0011,CA,card-present,0
TXN-10467,ACCT-0015,13.67,2026-02-13 19:34:53,Starbucks,food,fp-0115,GB,wallet,0
TXN-10486,ACCT-0030,68.34,2026-02-02 21:51:22,Amazon,retail,fp-0130,GB,wallet,0
TXN-10451,ACCT-0013,11.81,2026-02-23 21:10:08,Starbucks,food,fp-0113,GB,wallet,0
TXN-10206,ACCT-0029,350.18,2026-02-18 08:34:38,AirlineTickets,travel,fp-0029,CA,card-not-present,0
TXN-10192,ACCT-0034,48.29,2026-02-05 17:04:41,Shell-Gas,gas,fp-0034,GB,wallet,0
TXN-10038,ACCT-0023,15.89,2026-02-26 11:49:55,Starbucks,food,fp-0123,GB,wallet,0
TXN-10225,ACCT-0003,1.50,2026-02-13 13:14:27,UtilityPay,utilities,fp-0103,US,ach,0
TXN-10686,ACCT-0005,116.28,2026-02-18 14:05:41,Walmart,retail,fp-0005,US,card-present,0
TXN-10339,ACCT-0034,129.89,2026-03-01 22:35:32,Amazon,retail,fp-0134,GB,wallet,0
TXN-10517,ACCT-0023,14.81,2026-02-17 19:50:59,Spotify,entertainment,fp-0023,GB,card-not-present,0
TXN-10328,ACCT-0033,269.61,2026-02-14 05:07:30,AirlineTickets,travel,fp-0033,US,card-not-present,0
TXN-10635,ACCT-0029,14.66,2026-02-02 08:41:29,Spotify,entertainment,fp-0029,CA,card-not-present,0
TXN-10652,ACCT-0030,49.27,2026-02-18 11:49:15,Shell-Gas,gas,fp-0030,GB,wallet,0
TXN-10668,ACCT-0031,51.11,2026-02-06 08:54:52,PharmacyOne,health,fp-0131,US,card-not-present,0
TXN-10068,ACCT-0047,55.35,2026-02-09 22:36:26,PharmacyOne,health,fp-0147,US,ach,0
TXN-10258,ACCT-0035,21.70,2026-02-07 10:19:00,Netflix,entertainment,fp-0035,US,bank-transfer,0
TXN-10043,ACCT-0008,360.50,2026-02-28 15:21:17,HotelChain,travel,fp-0108,US,card-not-present,0
TXN-10429,ACCT-0031,589.29,2026-02-14 12:53:00,AirlineTickets,travel,fp-0031,US,card-not-present,0
TXN-10073,ACCT-0048,19.33,2026-02-11 16:24:05,Spotify,entertainment,fp-0148,US,card-not-present,0
TXN-10617,ACCT-0038,500.96,2026-02-15 19:34:06,DigitalGoods-Z,digital_goods,fp-0038,CA,wallet,0
TXN-10739,ACCT-0015,20.89,2026-02-12 05:30:17,Netflix,entertainment,fp-0015,GB,wallet,0
TXN-10710,ACCT-0032,62.22,2026-02-28 02:35:57,Amazon,retail,fp-0132,US,card-not-present,0
TXN-10545,ACCT-0006,47.57,2026-02-20 09:51:53,Uber,transport,fp-0106,US,wallet,0
TXN-10062,ACCT-0016,42.72,2026-02-15 13:07:30,Target,retail,fp-0116,US,card-present,0
TXN-10001,ACCT-0024,70.74,2026-02-07 02:19:48,PharmacyOne,health,fp-0024,US,card-present,0
TXN-10228,ACCT-0001,243.41,2026-02-11 14:27:10,HotelChain,travel,fp-0101,CA,card-not-present,0
TXN-10196,ACCT-0047,43.97,2026-02-12 00:49:34,PharmacyOne,health,fp-0047,US,card-not-present,0
TXN-10685,ACCT-0050,41.31,2026-02-08 07:08:30,Uber,transport,fp-0150,US,wallet,0
TXN-10544,ACCT-0013,39.86,2026-02-28 00:50:14,Uber,transport,fp-0113,GB,wallet,0
TXN-10358,ACCT-0031,11.53,2026-02-24 23:04:54,Spotify,entertainment,fp-0031,US,card-not-present,0
TXN-10579,ACCT-0023,104.38,2026-02-14 22:37:48,UtilityPay,utilities,fp-0023,GB,ach,0
TXN-10573,ACCT-0036,145.83,2026-02-09 13:45:32,HotelChain,travel,fp-0136,US,card-not-present,0
TXN-10035,ACCT-0016,213.35,2026-02-04 22:12:24,DigitalGoods-Z,digital_goods,fp-0116,US,card-present,0
TXN-10209,ACCT-0011,51.84,2026-03-03 12:07:42,Uber,transport,fp-0111,CA,wallet,0
TXN-10256,ACCT-0013,23.01,2026-02-08 13:32:59,Shell-Gas,gas,fp-0113,GB,bank-transfer,0
TXN-10618,ACCT-0040,434.12,2026-02-18 13:30:51,DigitalGoods-Z,digital_goods,fp-0140,US,card-not-present,0
TXN-10165,ACCT-0029,9.37,2026-02-06 00:29:41,Spotify,entertainment,fp-0029,CA,card-not-present,0
TXN-10497,ACCT-0003,210.69,2026-02-17 17:30:12,AirlineTickets,travel,fp-0103,US,ach,0
TXN-10264,ACCT-0037,231.24,2026-03-03 03:31:26,BestBuy,electronics,fp-0037,US,card-present,0
TXN-10712,ACCT-0004,3.17,2026-02-05 23:14:32,Starbucks,food,fp-0004,CA,wallet,0
TXN-10631,ACCT-0044,7.39,2026-02-17 22:38:44,Shell-Gas,gas,fp-0144,US,wallet,0
TXN-BENFORD-7,ACCT-0031,764.69,2026-02-02 11:21:06,GiftCardKiosk-A,gift_cards,fp-benford-aux-1,US,wallet,1
TXN-10483,ACCT-0043,238.92,2026-02-27 06:54:29,BestBuy,electronics,fp-0043,US,card-present,0
TXN-10745,ACCT-0049,43.33,2026-02-04 05:36:36,Uber,transport,fp-0149,US,wallet,0
TXN-ROUND-1,ACCT-0040,900.00,2026-02-16 04:38:50,GiftCardKiosk-A,gift_cards,fp-round-struct-01,US,card-not-present,1
TXN-10455,ACCT-0049,15.78,2026-02-18 02:38:13,PharmacyOne,health,fp-0049,US,card-not-present,0
TXN-10396,ACCT-0012,175.22,2026-02-15 21:26:18,UtilityPay,utilities,fp-0012,CA,bank-transfer,0
TXN-10776,ACCT-0034,294.73,2026-02-16 08:35:50,AirlineTickets,travel,fp-0134,GB,ach,0
TXN-10527,ACCT-0007,162.95,2026-02-09 12:49:19,HotelChain,travel,fp-0107,US,card-not-present,0
TXN-10531,ACCT-0008,77.57,2026-02-27 23:04:42,Shell-Gas,gas,fp-0008,US,wallet,0
TXN-10233,ACCT-0010,15.60,2026-02-24 03:05:59,Netflix,entertainment,fp-0110,US,ach,0
TXN-10567,ACCT-0024,8.33,2026-02-24 05:18:27,Spotify,entertainment,fp-0124,US,wallet,0
TXN-10438,ACCT-0003,11.14,2026-02-18 08:13:29,Spotify,entertainment,fp-0103,US,card-not-present,0
TXN-10692,ACCT-0041,30.24,2026-02-23 10:00:44,Netflix,entertainment,fp-0041,US,card-not-present,0
TXN-10778,ACCT-0025,13.25,2026-02-15 02:05:39,Netflix,entertainment,fp-0025,GB,card-not-present,0
TXN-10265,ACCT-0025,13.73,2026-02-16 00:16:54,Spotify,entertainment,fp-0025,GB,card-not-present,0
TXN-10555,ACCT-0018,39.79,2026-02-05 09:33:47,PharmacyOne,health,fp-0018,US,card-not-present,0
TXN-10363,ACCT-0035,1.50,2026-02-06 13:05:46,Starbucks,food,fp-0035,US,card-present,0
TXN-BENFORD-4,ACCT-0031,920.35,2026-02-14 04:57:31,CryptoExchange-X,crypto,fp-ring-shared-01,NL,wallet,1
TXN-10566,ACCT-0039,86.18,2026-02-04 01:03:34,HotelChain,travel,fp-0039,US,card-not-present,0
TXN-10765,ACCT-0015,39.89,2026-02-05 08:06:13,Uber,transport,fp-0115,GB,card-not-present,0
TXN-10699,ACCT-0049,193.69,2026-02-19 06:50:29,Amazon,retail,fp-0149,US,card-present,0
TXN-10025,ACCT-0044,110.62,2026-02-08 10:19:05,UtilityPay,utilities,fp-0044,US,ach,0
TXN-10691,ACCT-0020,180.09,2026-02-13 01:25:25,HotelChain,travel,fp-0120,US,card-not-present,0
TXN-10263,ACCT-0034,13.68,2026-02-25 21:54:55,Starbucks,food,fp-0034,GB,bank-transfer,0
TXN-10077,ACCT-0049,17.38,2026-02-04 08:22:17,Netflix,entertainment,fp-0149,US,card-not-present,0
TXN-RING-4,ACCT-0016,1386.11,2026-02-14 02:28:00,CryptoExchange-X,crypto,fp-ring-shared-01,DE,wallet,1
TXN-10466,ACCT-0010,109.24,2026-02-15 06:21:52,Amazon,retail,fp-0110,US,card-not-present,0
TXN-10688,ACCT-0026,111.74,2026-02-23 15:52:04,UtilityPay,utilities,fp-0126,US,ach,0
TXN-10637,ACCT-0030,50.23,2026-02-23 00:43:39,Uber,transport,fp-0130,GB,card-not-present,0
TXN-10729,ACCT-0014,16.47,2026-03-01 20:20:04,Spotify,entertainment,fp-0014,US,card-not-present,0
TXN-10346,ACCT-0009,263.63,2026-02-10 15:27:20,BestBuy,electronics,fp-0109,CA,card-not-present,0
TXN-10114,ACCT-0049,404.58,2026-02-27 14:01:46,BestBuy,electronics,fp-0149,US,card-not-present,0
TXN-10061,ACCT-0050,219.77,2026-02-02 11:45:48,DigitalGoods-Z,digital_goods,fp-0050,US,card-not-present,0
TXN-10116,ACCT-0007,560.37,2026-02-08 07:42:37,DigitalGoods-Z,digital_goods,fp-0007,US,card-not-present,0
TXN-10475,ACCT-0005,1.50,2026-02-04 17:33:26,Starbucks,food,fp-0105,US,wallet,0
TXN-10726,ACCT-0033,13.12,2026-02-26 11:50:33,Spotify,entertainment,fp-0133,US,card-not-present,0
TXN-RING-3,ACCT-0008,1217.14,2026-02-14 02:21:00,GiftCardKiosk-A,gift_cards,fp-ring-shared-01,DE,wallet,1
TXN-10575,ACCT-0050,159.24,2026-03-02 04:09:24,UtilityPay,utilities,fp-0050,US,ach,0
TXN-10016,ACCT-0003,97.72,2026-02-11 12:55:56,UtilityPay,utilities,fp-0003,US,bank-transfer,0
TXN-10477,ACCT-0010,61.47,2026-02-18 20:19:17,PharmacyOne,health,fp-0010,US,card-present,0
TXN-10089,ACCT-0045,18.92,2026-02-10 14:27:06,Netflix,entertainment,fp-0045,US,card-not-present,0
TXN-10514,ACCT-0022,6.42,2026-02-26 01:18:56,Walmart,retail,fp-0122,GB,ach,0
TXN-10559,ACCT-0036,7.50,2026-02-17 21:42:00,Starbucks,food,fp-0036,US,wallet,0
TXN-10737,ACCT-0033,40.27,2026-02-20 21:59:24,Shell-Gas,gas,fp-0133,US,bank-transfer,0
TXN-10671,ACCT-0032,99.96,2026-02-25 20:33:07,Target,retail,fp-0032,US,card-present,0
TXN-10342,ACCT-0027,81.83,2026-02-08 12:31:51,Amazon,retail,fp-0127,CA,bank-transfer,0
TXN-10499,ACCT-0050,31.03,2026-02-12 09:01:04,Uber,transport,fp-0050,US,wallet,0
TXN-10285,ACCT-0045,22.68,2026-02-18 03:15:00,Uber,transport,fp-0045,US,wallet,0
TXN-10399,ACCT-0039,336.54,2026-02-01 17:14:04,AirlineTickets,travel,fp-0139,US,card-not-present,0
TXN-10747,ACCT-0038,17.41,2026-02-16 14:33:47,Starbucks,food,fp-0038,CA,card-present,0
TXN-GEO-0,ACCT-0025,1981.34,2026-02-19 01:00:00,HotelChain,travel,fp-prague-emulator-77,CZ,card-not-present,1
TXN-10672,ACCT-0010,57.06,2026-02-16 20:47:25,UtilityPay,utilities,fp-0010,US,ach,0
TXN-10519,ACCT-0048,550.73,2026-03-01 07:47:59,DigitalGoods-Z,digital_goods,fp-0048,US,card-not-present,0
TXN-10051,ACCT-0040,67.40,2026-02-23 05:20:30,UtilityPay,utilities,fp-0140,US,ach,0
TXN-10251,ACCT-0049,36.86,2026-02-23 09:30:00,PharmacyOne,health,fp-0049,US,card-not-present,0
TXN-10080,ACCT-0029,15.10,2026-02-10 14:32:57,Netflix,entertainment,fp-0029,CA,card-not-present,0
TXN-BENFORD-15,ACCT-0031,974.83,2026-02-08 15:03:51,GiftCardKiosk-A,gift_cards,fp-benford-aux-1,US,wallet,1
TXN-10088,ACCT-0041,76.14,2026-02-16 01:57:37,UtilityPay,utilities,fp-0041,US,ach,0
TXN-10066,ACCT-0043,84.13,2026-02-03 18:39:25,Shell-Gas,gas,fp-0043,US,bank-transfer,0
TXN-10247,ACCT-0023,138.09,2026-02-21 23:03:31,DigitalGoods-Z,digital_goods,fp-0123,GB,wallet,0
TXN-10389,ACCT-0039,378.54,2026-02-22 03:01:43,DigitalGoods-Z,digital_goods,fp-0139,US,card-not-present,0
TXN-10144,ACCT-0046,518.06,2026-02-13 20:42:51,DigitalGoods-Z,digital_goods,fp-0146,US,wallet,0
TXN-10106,ACCT-0041,16.35,2026-02-15 13:10:37,Starbucks,food,fp-0041,US,card-present,0
TXN-10325,ACCT-0016,18.29,2026-02-20 11:33:35,Netflix,entertainment,fp-0016,US,card-present,0
TXN-10375,ACCT-0040,18.34,2026-02-22 17:15:33,Netflix,entertainment,fp-0040,US,card-not-present,0
TXN-10720,ACCT-0001,109.07,2026-02-20 08:56:09,UtilityPay,utilities,fp-0101,CA,bank-transfer,0
TXN-BENFORD-3,ACCT-0031,968.52,2026-02-10 13:36:00,DigitalGoods-Z,digital_goods,fp-benford-aux-1,US,wallet,1
TXN-10199,ACCT-0010,78.84,2026-02-27 08:36:51,Shell-Gas,gas,fp-0110,US,wallet,0
TXN-10651,ACCT-0043,65.90,2026-02-23 23:19:48,Walmart,retail,fp-0143,US,card-present,0
TXN-BENFORD-10,ACCT-0031,829.79,2026-02-03 20:00:55,DigitalGoods-Z,digital_goods,fp-ring-shared-01,US,bank-transfer,1
TXN-10239,ACCT-0029,166.09,2026-03-01 00:49:25,UtilityPay,utilities,fp-0029,CA,bank-transfer,0
TXN-10423,ACCT-0003,6.79,2026-02-16 07:53:22,Spotify,entertainment,fp-0103,US,card-not-present,0
TXN-10669,ACCT-0033,22.43,2026-02-26 23:53:50,Walmart,retail,fp-0133,US,card-not-present,0
TXN-10459,ACCT-0034,132.38,2026-03-02 08:42:53,BestBuy,electronics,fp-0034,GB,card-not-present,0
TXN-10112,ACCT-0048,37.53,2026-02-06 15:16:27,Uber,transport,fp-0148,US,card-not-present,0
TXN-10682,ACCT-0017,1.50,2026-02-15 22:47:23,Starbucks,food,fp-0117,US,wallet,0
TXN-10551,ACCT-0050,184.52,2026-02-09 06:49:49,HotelChain,travel,fp-0050,US,card-not-present,0
TXN-10224,ACCT-0050,56.99,2026-02-21 00:23:10,Walmart,retail,fp-0050,US,card-present,0
TXN-10176,ACCT-0020,14.88,2026-02-13 19:04:59,Spotify,entertainment,fp-0020,US,card-not-present,0
TXN-10741,ACCT-0039,35.22,2026-02-16 15:58:22,PharmacyOne,health,fp-0139,US,card-not-present,0
TXN-10541,ACCT-0035,1.50,2026-02-25 17:17:04,BestBuy,electronics,fp-0135,US,card-not-present,0
TXN-10147,ACCT-0042,158.36,2026-02-05 18:21:03,UtilityPay,utilities,fp-0042,US,ach,0
TXN-OUTLIER-21,ACCT-0049,21523.74,2026-02-24 10:31:17,DigitalGoods-Z,digital_goods,fp-suspicious-2,RU,card-not-present,1
TXN-10374,ACCT-0017,79.97,2026-02-03 14:42:57,Walmart,retail,fp-0017,US,card-not-present,0
TXN-10767,ACCT-0039,267.01,2026-02-11 07:42:24,HotelChain,travel,fp-0039,US,card-not-present,0
TXN-10521,ACCT-0040,66.23,2026-02-24 13:29:39,Amazon,retail,fp-0140,US,wallet,0
TXN-RING-5,ACCT-0031,882.15,2026-02-14 02:35:00,DigitalGoods-Z,digital_goods,fp-ring-shared-01,NL,wallet,1
TXN-10318,ACCT-0009,58.49,2026-02-08 12:25:01,PharmacyOne,health,fp-0009,CA,card-not-present,0
TXN-10522,ACCT-0032,54.61,2026-02-27 16:39:26,PharmacyOne,health,fp-0032,US,card-present,0
TXN-10660,ACCT-0002,87.67,2026-02-23 06:05:17,Target,retail,fp-0002,US,ach,0
TXN-10385,ACCT-0013,89.82,2026-02-20 16:02:57,UtilityPay,utilities,fp-0113,GB,ach,0
TXN-10578,ACCT-0045,219.25,2026-02-19 04:57:03,HotelChain,travel,fp-0145,US,wallet,0
TXN-10598,ACCT-0010,20.93,2026-03-03 00:36:08,Uber,transport,fp-0010,US,wallet,0
TXN-10137,ACCT-0041,87.49,2026-02-04 09:29:01,Amazon,retail,fp-0141,US,wallet,0
TXN-10032,ACCT-0018,110.50,2026-02-01 22:19:42,Amazon,retail,fp-0118,US,wallet,0
TXN-10470,ACCT-0025,20.59,2026-02-25 22:37:07,Uber,transport,fp-0125,GB,card-present,0
TXN-ROUND-0,ACCT-0040,500.00,2026-02-20 00:20:57,GiftCardKiosk-A,gift_cards,fp-round-struct-01,US,card-not-present,1
TXN-10295,ACCT-0030,24.20,2026-02-09 18:06:33,Walmart,retail,fp-0130,GB,card-not-present,0
TXN-10384,ACCT-0049,17.75,2026-02-07 03:25:25,Netflix,entertainment,fp-0149,US,bank-transfer,0
TXN-10526,ACCT-0028,264.31,2026-02-14 08:55:03,BestBuy,electronics,fp-0028,CA,card-present,0
TXN-10646,ACCT-0015,54.43,2026-02-27 13:26:38,Target,retail,fp-0115,GB,wallet,0
TXN-10031,ACCT-0041,152.41,2026-02-09 13:19:24,UtilityPay,utilities,fp-0041,US,ach,0
TXN-10624,ACCT-0021,19.43,2026-02-17 17:33:49,Starbucks,food,fp-0121,US,wallet,0
TXN-10621,ACCT-0024,28.24,2026-02-04 06:31:20,Amazon,retail,fp-0124,US,ach,0
TXN-10666,ACCT-0022,18.80,2026-02-24 23:02:37,Spotify,entertainment,fp-0122,GB,card-not-present,0
TXN-10313,ACCT-0018,69.50,2026-02-26 08:44:57,Shell-Gas,gas,fp-0018,US,card-not-present,0
TXN-10302,ACCT-0019,73.42,2026-02-25 02:33:56,Target,retail,fp-0019,US,card-present,0
TXN-10494,ACCT-0027,52.97,2026-02-05 23:28:27,PharmacyOne,health,fp-0127,CA,card-present,0
TXN-10540,ACCT-0045,14.95,2026-02-07 00:17:31,Spotify,entertainment,fp-0145,US,bank-transfer,0
TXN-10603,ACCT-0002,88.88,2026-02-04 04:36:45,Shell-Gas,gas,fp-0102,US,wallet,0
TXN-10421,ACCT-0045,47.36,2026-02-14 11:21:52,Target,retail,fp-0045,US,wallet,0
TXN-10018,ACCT-0030,160.66,2026-02-23 15:03:54,UtilityPay,utilities,fp-0130,GB,ach,0
TXN-10148,ACCT-0049,271.52,2026-02-21 01:47:40,AirlineTickets,travel,fp-0149,US,wallet,0
TXN-10283,ACCT-0029,378.48,2026-02-10 12:24:12,AirlineTickets,travel,fp-0129,CA,card-not-present,0
TXN-10547,ACCT-0040,20.01,2026-02-06 21:35:17,Netflix,entertainment,fp-0040,US,wallet,0
TXN-10296,ACCT-0038,98.60,2026-02-12 07:31:46,Walmart,retail,fp-0138,CA,card-present,0
TXN-10253,ACCT-0016,9.14,2026-02-11 02:51:29,Spotify,entertainment,fp-0116,US,card-not-present,0
TXN-10212,ACCT-0011,10.26,2026-02-20 14:19:01,Spotify,entertainment,fp-0011,CA,card-not-present,0
TXN-10221,ACCT-0038,140.64,2026-02-09 00:30:25,BestBuy,electronics,fp-0038,CA,card-present,0
TXN-10322,ACCT-0044,18.31,2026-02-27 02:44:48,Netflix,entertainment,fp-0144,US,wallet,0
TXN-10052,ACCT-0031,15.82,2026-02-09 05:29:15,Netflix,entertainment,fp-0131,US,card-not-present,0
TXN-10600,ACCT-0036,16.05,2026-03-01 19:20:20,Spotify,entertainment,fp-0036,US,bank-transfer,0
TXN-10170,ACCT-0032,42.51,2026-02-17 19:18:07,PharmacyOne,health,fp-0132,US,card-present,0
TXN-10590,ACCT-0010,361.95,2026-02-22 06:01:58,HotelChain,travel,fp-0110,US,card-not-present,0
TXN-10200,ACCT-0024,17.75,2026-02-18 08:17:49,Spotify,entertainment,fp-0024,US,card-not-present,0
TXN-10485,ACCT-0032,84.05,2026-02-03 09:34:25,BestBuy,electronics,fp-0032,US,card-not-present,0
TXN-10150,ACCT-0005,13.18,2026-02-15 03:28:38,Starbucks,food,fp-0005,US,wallet,0
TXN-10103,ACCT-0028,129.45,2026-02-24 13:31:56,Walmart,retail,fp-0128,CA,card-present,0
TXN-10588,ACCT-0016,38.13,2026-03-01 16:52:51,PharmacyOne,health,fp-0016,US,card-not-present,0
TXN-10704,ACCT-0036,49.18,2026-02-07 17:02:32,BestBuy,electronics,fp-0036,US,card-present,0
TXN-VELOCITY-5,ACCT-0008,846.04,2026-02-16 02:09:00,DigitalGoods-Z,digital_goods,fp-ring-shared-01,RU,wallet,1
TXN-10705,ACCT-0018,23.05,2026-02-07 15:44:12,Amazon,retail,fp-0118,US,wallet,0
TXN-BENFORD-13,ACCT-0031,993.15,2026-02-09 10:20:21,GiftCardKiosk-A,gift_cards,fp-benford-aux-1,US,bank-transfer,1
TXN-10248,ACCT-0025,79.66,2026-02-24 06:07:45,Target,retail,fp-0025,GB,ach,0
TXN-10227,ACCT-0018,254.56,2026-02-25 18:44:03,BestBuy,electronics,fp-0118,US,card-not-present,0
TXN-10359,ACCT-0015,83.33,2026-02-28 16:14:08,Amazon,retail,fp-0115,GB,card-present,0
TXN-BENFORD-1,ACCT-0031,880.89,2026-02-27 11:24:50,CryptoExchange-X,crypto,fp-benford-aux-1,US,bank-transfer,1
TXN-10595,ACCT-0002,48.40,2026-02-22 01:03:44,Shell-Gas,gas,fp-0002,US,wallet,0
TXN-BENFORD-11,ACCT-0031,988.56,2026-02-13 18:02:28,GiftCardKiosk-A,gift_cards,fp-benford-aux-1,US,wallet,1
TXN-10532,ACCT-0044,19.25,2026-02-16 10:26:59,Spotify,entertainment,fp-0144,US,wallet,0
TXN-10011,ACCT-0032,67.61,2026-02-04 21:35:55,Amazon,retail,fp-0132,US,card-not-present,0
TXN-10724,ACCT-0035,1.50,2026-02-21 06:38:35,Walmart,retail,fp-0035,US,card-present,0
TXN-10242,ACCT-0013,61.23,2026-02-24 06:24:01,HotelChain,travel,fp-0013,GB,card-not-present,0
TXN-10075,ACCT-0049,12.88,2026-02-19 21:14:28,Spotify,entertainment,fp-0049,US,card-not-present,0
TXN-10488,ACCT-0015,11.00,2026-02-14 00:27:57,Spotify,entertainment,fp-0015,GB,card-not-present,0
TXN-10757,ACCT-0034,555.00,2026-03-02 11:43:27,AirlineTickets,travel,fp-0034,GB,card-not-present,0
TXN-10409,ACCT-0008,62.80,2026-02-22 01:32:34,UtilityPay,utilities,fp-0008,US,ach,0
TXN-10405,ACCT-0046,148.15,2026-02-22 07:30:01,BestBuy,electronics,fp-0146,US,ach,0
TXN-10577,ACCT-0037,294.64,2026-02-23 19:48:20,BestBuy,electronics,fp-0137,US,card-present,0
TXN-10644,ACCT-0013,438.73,2026-02-24 13:53:28,HotelChain,travel,fp-0113,GB,card-not-present,0
TXN-10223,ACCT-0031,24.86,2026-02-21 07:32:18,Netflix,entertainment,fp-0131,US,card-not-present,0
TXN-10548,ACCT-0018,74.09,2026-02-23 05:32:06,Target,retail,fp-0018,US,wallet,0
TXN-10535,ACCT-0034,14.53,2026-02-13 19:12:53,Netflix,entertainment,fp-0034,GB,card-not-present,0
TXN-10695,ACCT-0015,125.76,2026-02-02 11:38:32,Walmart,retail,fp-0015,GB,ach,0
TXN-10674,ACCT-0031,6.26,2026-02-16 06:00:55,Starbucks,food,fp-0131,US,wallet,0
TXN-10246,ACCT-0015,50.44,2026-02-10 08:00:49,Uber,transport,fp-0115,GB,wallet,0
TXN-10107,ACCT-0023,5.53,2026-02-10 22:28:43,PharmacyOne,health,fp-0123,GB,card-present,0
TXN-10013,ACCT-0036,63.05,2026-02-09 20:07:19,Target,retail,fp-0036,US,card-present,0
TXN-10592,ACCT-0018,526.63,2026-02-27 07:38:17,DigitalGoods-Z,digital_goods,fp-0118,US,ach,0
TXN-10356,ACCT-0010,71.03,2026-02-20 03:19:43,Amazon,retail,fp-0110,US,card-not-present,0
TXN-10476,ACCT-0042,254.10,2026-02-04 17:30:51,BestBuy,electronics,fp-0142,US,card-not-present,0
TXN-10057,ACCT-0028,20.23,2026-02-02 09:19:43,Netflix,entertainment,fp-0128,CA,card-present,0
TXN-10694,ACCT-0004,66.34,2026-02-24 22:02:42,Shell-Gas,gas,fp-0104,CA,card-present,0
TXN-10007,ACCT-0004,90.35,2026-02-05 00:26:50,UtilityPay,utilities,fp-0104,CA,ach,0
TXN-10069,ACCT-0040,351.87,2026-02-12 16:15:36,DigitalGoods-Z,digital_goods,fp-0140,US,card-not-present,0
TXN-10064,ACCT-0044,5.91,2026-02-13 15:48:47,Uber,transport,fp-0044,US,card-not-present,0
TXN-10619,ACCT-0003,465.57,2026-02-19 00:49:57,DigitalGoods-Z,digital_goods,fp-0003,US,card-not-present,0
TXN-10639,ACCT-0020,595.18,2026-02-28 05:59:33,DigitalGoods-Z,digital_goods,fp-0120,US,wallet,0
TXN-10434,ACCT-0044,603.12,2026-02-13 09:57:29,DigitalGoods-Z,digital_goods,fp-0044,US,card-not-present,0
TXN-10345,ACCT-0038,39.63,2026-02-16 21:09:26,Walmart,retail,fp-0038,CA,card-present,0
TXN-10415,ACCT-0033,78.44,2026-02-10 11:32:45,PharmacyOne,health,fp-0133,US,card-not-present,0
TXN-10650,ACCT-0022,351.26,2026-02-26 02:53:56,BestBuy,electronics,fp-0122,GB,card-present,0
TXN-10353,ACCT-0017,189.65,2026-02-04 05:08:33,UtilityPay,utilities,fp-0117,US,ach,0
TXN-10601,ACCT-0027,9.15,2026-02-15 05:47:14,Starbucks,food,fp-0127,CA,card-not-present,0
TXN-10315,ACCT-0028,362.85,2026-03-03 19:17:34,BestBuy,electronics,fp-0128,CA,wallet,0
TXN-10484,ACCT-0012,40.17,2026-03-02 04:25:57,PharmacyOne,health,fp-0112,CA,card-present,0
TXN-10316,ACCT-0006,499.10,2026-02-12 03:36:52,DigitalGoods-Z,digital_goods,fp-0106,US,wallet,0
TXN-10155,ACCT-0036,492.11,2026-02-13 01:30:36,DigitalGoods-Z,digital_goods,fp-0036,US,wallet,0
TXN-10249,ACCT-0027,55.31,2026-02-18 01:46:33,Uber,transport,fp-0127,CA,card-not-present,0
TXN-10371,ACCT-0014,1.50,2026-02-22 07:52:41,BestBuy,electronics,fp-0014,US,card-present,0
TXN-10308,ACCT-0033,499.69,2026-02-25 20:02:06,DigitalGoods-Z,digital_goods,fp-0133,US,card-not-present,0
TXN-10381,ACCT-0017,257.92,2026-02-26 18:26:20,BestBuy,electronics,fp-0017,US,card-present,0
TXN-10591,ACCT-0013,284.66,2026-02-22 08:35:39,AirlineTickets,travel,fp-0013,GB,card-not-present,0
TXN-10207,ACCT-0022,13.41,2026-03-01 23:04:38,Spotify,entertainment,fp-0122,GB,card-not-present,0
TXN-10354,ACCT-0022,107.98,2026-02-02 20:44:41,Walmart,retail,fp-0122,GB,card-not-present,0
TXN-10714,ACCT-0034,18.68,2026-02-27 06:57:46,Netflix,entertainment,fp-0134,GB,card-not-present,0
TXN-10244,ACCT-0026,17.36,2026-02-08 11:20:04,Netflix,entertainment,fp-0126,US,ach,0
TXN-RING-2,ACCT-0031,1079.00,2026-02-14 02:14:00,DigitalGoods-Z,digital_goods,fp-ring-shared-01,DE,wallet,1
TXN-10706,ACCT-0043,46.78,2026-02-03 03:18:28,Amazon,retail,fp-0143,US,card-not-present,0
TXN-10006,ACCT-0036,12.13,2026-02-09 14:03:42,Spotify,entertainment,fp-0036,US,card-not-present,0
TXN-10059,ACCT-0004,9.85,2026-02-12 18:53:10,Starbucks,food,fp-0104,CA,wallet,0
TXN-10202,ACCT-0013,259.74,2026-02-06 18:08:28,AirlineTickets,travel,fp-0013,GB,ach,0
TXN-10002,ACCT-0007,34.84,2026-02-10 01:19:51,Uber,transport,fp-0107,US,card-not-present,0
TXN-10009,ACCT-0008,8.79,2026-02-14 15:30:39,Starbucks,food,fp-0108,US,card-present,0
TXN-10273,ACCT-0006,8.99,2026-02-06 09:48:15,Starbucks,food,fp-0006,US,wallet,0
TXN-10222,ACCT-0027,98.29,2026-02-22 21:01:25,Shell-Gas,gas,fp-0027,CA,wallet,0
TXN-10636,ACCT-0031,391.13,2026-02-27 16:48:08,HotelChain,travel,fp-0031,US,card-not-present,0
TXN-10344,ACCT-0046,15.50,2026-02-04 17:35:27,Starbucks,food,fp-0146,US,card-not-present,0
TXN-10769,ACCT-0044,80.72,2026-02-13 12:59:17,Walmart,retail,fp-0044,US,card-present,0
TXN-10678,ACCT-0038,501.26,2026-02-07 08:48:56,AirlineTickets,travel,fp-0038,CA,card-not-present,0
TXN-10586,ACCT-0039,2.31,2026-02-02 04:58:39,DigitalGoods-Z,digital_goods,fp-0139,US,card-not-present,0
TXN-10040,ACCT-0017,98.04,2026-02-19 08:46:41,Target,retail,fp-0117,US,wallet,0
TXN-10562,ACCT-0024,285.08,2026-02-20 02:03:37,AirlineTickets,travel,fp-0124,US,card-not-present,0
TXN-10585,ACCT-0037,86.65,2026-02-04 22:26:08,Walmart,retail,fp-0137,US,card-present,0
TXN-10525,ACCT-0017,70.79,2026-02-17 21:29:49,Target,retail,fp-0117,US,wallet,0
TXN-10414,ACCT-0013,97.69,2026-02-22 00:09:44,Amazon,retail,fp-0113,GB,card-not-present,0
TXN-10625,ACCT-0012,31.01,2026-02-08 10:41:52,PharmacyOne,health,fp-0012,CA,card-present,0
TXN-10749,ACCT-0002,44.97,2026-02-24 13:02:44,Walmart,retail,fp-0102,US,card-not-present,0
TXN-GEO-5,ACCT-0025,3029.57,2026-02-19 01:55:00,HotelChain,travel,fp-prague-emulator-77,RU,card-not-present,1
TXN-10413,ACCT-0031,38.16,2026-02-01 19:12:09,Uber,transport,fp-0131,US,ach,0
TXN-10319,ACCT-0031,73.77,2026-02-08 05:12:37,Walmart,retail,fp-0031,US,card-present,0
TXN-10230,ACCT-0017,20.81,2026-02-08 20:44:20,Uber,transport,fp-0017,US,wallet,0
TXN-10343,ACCT-0048,224.38,2026-02-10 15:08:45,HotelChain,travel,fp-0148,US,card-present,0
TXN-10387,ACCT-0010,51.51,2026-02-19 10:18:17,PharmacyOne,health,fp-0010,US,ach,0
TXN-10232,ACCT-0046,504.80,2026-02-10 16:52:00,AirlineTickets,travel,fp-0046,US,bank-transfer,0
TXN-10370,ACCT-0048,8.00,2026-02-09 02:13:27,Walmart,retail,fp-0148,US,card-not-present,0
TXN-10300,ACCT-0013,34.00,2026-02-13 04:40:12,UtilityPay,utilities,fp-0113,GB,bank-transfer,0
TXN-10160,ACCT-0009,33.14,2026-02-12 16:52:47,PharmacyOne,health,fp-0009,CA,card-not-present,0
TXN-10653,ACCT-0042,581.58,2026-02-03 06:05:59,DigitalGoods-Z,digital_goods,fp-0042,US,card-not-present,0
TXN-BENFORD-9,ACCT-0031,948.58,2026-02-02 10:56:49,GiftCardKiosk-A,gift_cards,fp-benford-aux-1,US,card-not-present,1
TXN-10448,ACCT-0036,368.22,2026-02-07 22:48:06,DigitalGoods-Z,digital_goods,fp-0036,US,card-not-present,0
TXN-10554,ACCT-0013,75.36,2026-02-28 11:54:46,Shell-Gas,gas,fp-0113,GB,wallet,0
TXN-10673,ACCT-0023,128.32,2026-02-21 01:23:16,Amazon,retail,fp-0023,GB,card-not-present,0
TXN-10495,ACCT-0022,22.34,2026-02-19 05:04:27,Netflix,entertainment,fp-0122,GB,card-not-present,0
TXN-10201,ACCT-0025,157.07,2026-02-19 22:12:32,UtilityPay,utilities,fp-0025,GB,wallet,0
TXN-10431,ACCT-0050,61.38,2026-02-20 05:46:30,Shell-Gas,gas,fp-0050,US,card-not-present,0
TXN-10093,ACCT-0001,15.89,2026-02-13 16:27:23,Spotify,entertainment,fp-0001,CA,card-present,0
TXN-10775,ACCT-0039,71.96,2026-02-11 07:12:18,DigitalGoods-Z,digital_goods,fp-0039,US,card-not-present,0
TXN-10556,ACCT-0010,85.98,2026-02-24 13:43:07,Shell-Gas,gas,fp-0010,US,card-present,0
TXN-10236,ACCT-0004,21.17,2026-02-05 12:39:43,Netflix,entertainment,fp-0104,CA,card-not-present,0
TXN-10534,ACCT-0015,39.01,2026-02-10 23:23:19,Shell-Gas,gas,fp-0115,GB,wallet,0
TXN-10676,ACCT-0034,117.46,2026-03-02 00:26:55,DigitalGoods-Z,digital_goods,fp-0134,GB,wallet,0
TXN-10058,ACCT-0040,14.24,2026-02-02 08:42:51,Spotify,entertainment,fp-0140,US,card-present,0
TXN-10008,ACCT-0039,22.65,2026-02-17 20:23:14,Netflix,entertainment,fp-0039,US,wallet,0
TXN-10257,ACCT-0047,411.15,2026-02-23 19:06:30,DigitalGoods-Z,digital_goods,fp-0147,US,card-not-present,0
TXN-10393,ACCT-0011,16.17,2026-02-10 22:45:26,Walmart,retail,fp-0011,CA,card-present,0
TXN-10539,ACCT-0023,95.55,2026-03-01 08:10:17,UtilityPay,utilities,fp-0123,GB,bank-transfer,0
TXN-10299,ACCT-0009,50.73,2026-02-11 00:12:52,Target,retail,fp-0109,CA,card-present,0
TXN-10654,ACCT-0029,16.77,2026-02-10 10:48:49,Spotify,entertainment,fp-0129,CA,card-not-present,0
TXN-10181,ACCT-0023,54.33,2026-03-03 10:10:09,PharmacyOne,health,fp-0023,GB,card-present,0
TXN-10129,ACCT-0019,18.29,2026-02-16 18:08:36,Netflix,entertainment,fp-0019,US,card-not-present,0
TXN-10416,ACCT-0034,58.48,2026-02-17 07:27:13,PharmacyOne,health,fp-0134,GB,card-present,0
TXN-10500,ACCT-0031,237.01,2026-02-08 20:18:47,AirlineTickets,travel,fp-0131,US,card-not-present,0
TXN-10368,ACCT-0012,28.37,2026-02-10 22:45:01,Uber,transport,fp-0112,CA,card-not-present,0
TXN-10338,ACCT-0047,84.26,2026-02-09 11:00:47,Shell-Gas,gas,fp-0047,US,card-present,0
TXN-10237,ACCT-0001,287.44,2026-02-07 20:34:49,HotelChain,travel,fp-0101,CA,card-not-present,0
TXN-10048,ACCT-0031,59.79,2026-02-26 19:28:57,PharmacyOne,health,fp-0131,US,card-not-present,0
TXN-10728,ACCT-0026,77.71,2026-02-10 13:59:27,Target,retail,fp-0026,US,wallet,0
TXN-10602,ACCT-0009,64.21,2026-02-02 18:16:26,Target,retail,fp-0009,CA,card-present,0
TXN-10564,ACCT-0034,429.67,2026-02-03 20:20:27,DigitalGoods-Z,digital_goods,fp-0034,GB,wallet,0
TXN-10633,ACCT-0049,3.77,2026-02-22 15:10:17,Starbucks,food,fp-0149,US,wallet,0
TXN-10696,ACCT-0003,49.67,2026-02-22 09:20:10,BestBuy,electronics,fp-0003,US,card-not-present,0
TXN-10770,ACCT-0026,296.91,2026-02-19 01:54:49,HotelChain,travel,fp-0126,US,card-not-present,0
TXN-10707,ACCT-0004,16.26,2026-02-07 02:30:32,Spotify,entertainment,fp-0004,CA,bank-transfer,0
TXN-10039,ACCT-0023,427.47,2026-02-17 01:12:26,DigitalGoods-Z,digital_goods,fp-0123,GB,card-not-present,0
TXN-10282,ACCT-0026,73.11,2026-02-05 02:12:04,Shell-Gas,gas,fp-0026,US,card-present,0
TXN-10024,ACCT-0031,16.39,2026-03-01 05:02:16,Spotify,entertainment,fp-0031,US,card-not-present,0
TXN-10550,ACCT-0050,36.42,2026-02-03 17:35:22,Uber,transport,fp-0150,US,card-not-present,0
TXN-10727,ACCT-0044,106.71,2026-02-26 04:23:40,HotelChain,travel,fp-0044,US,card-not-present,0
TXN-10218,ACCT-0032,63.40,2026-02-16 01:58:12,Shell-Gas,gas,fp-0032,US,bank-transfer,0
TXN-BENFORD-12,ACCT-0031,557.09,2026-02-16 08:13:47,CryptoExchange-X,crypto,fp-ring-shared-01,NL,bank-transfer,1
TXN-10127,ACCT-0002,79.49,2026-03-03 19:50:11,Amazon,retail,fp-0002,US,wallet,0
TXN-BENFORD-8,ACCT-0031,678.96,2026-02-09 23:21:28,CryptoExchange-X,crypto,fp-ring-shared-01,NL,wallet,1
TXN-10153,ACCT-0046,14.83,2026-03-03 09:04:08,Netflix,entertainment,fp-0046,US,card-not-present,0
TXN-RING-10,ACCT-0016,905.62,2026-02-14 03:10:00,CryptoExchange-X,crypto,fp-ring-shared-01,NL,wallet,1
TXN-10350,ACCT-0010,15.06,2026-02-23 06:54:46,Walmart,retail,fp-0110,US,card-present,0
TXN-10065,ACCT-0020,60.35,2026-02-22 09:11:37,UtilityPay,utilities,fp-0020,US,bank-transfer,0
TXN-10640,ACCT-0050,16.90,2026-02-21 14:00:39,Netflix,entertainment,fp-0050,US,card-not-present,0
TXN-10680,ACCT-0003,36.66,2026-02-19 21:33:58,Amazon,retail,fp-0003,US,card-not-present,0
TXN-10307,ACCT-0023,16.66,2026-02-10 01:52:25,Spotify,entertainment,fp-0123,GB,card-not-present,0
TXN-RING-9,ACCT-0008,550.40,2026-02-14 03:03:00,GiftCardKiosk-A,gift_cards,fp-ring-shared-01,US,wallet,1
TXN-10081,ACCT-0017,645.72,2026-02-03 21:06:57,DigitalGoods-Z,digital_goods,fp-0017,US,card-not-present,0
TXN-10447,ACCT-0009,104.25,2026-02-14 03:51:37,Target,retail,fp-0109,CA,wallet,0
TXN-10665,ACCT-0040,65.24,2026-02-09 01:59:16,Walmart,retail,fp-0040,US,card-not-present,0
TXN-10717,ACCT-0006,18.93,2026-02-24 08:26:01,Spotify,entertainment,fp-0006,US,card-not-present,0
TXN-10085,ACCT-0030,271.36,2026-02-10 16:04:17,HotelChain,travel,fp-0130,GB,card-not-present,0
TXN-10507,ACCT-0006,72.55,2026-02-09 10:21:49,Walmart,retail,fp-0006,US,bank-transfer,0
TXN-10158,ACCT-0002,84.22,2026-02-11 04:54:12,Shell-Gas,gas,fp-0002,US,card-present,0
TXN-10738,ACCT-0022,337.22,2026-02-04 23:02:35,HotelChain,travel,fp-0122,GB,card-not-present,0
TXN-10474,ACCT-0040,148.42,2026-02-08 22:37:21,UtilityPay,utilities,fp-0140,US,ach,0
TXN-10349,ACCT-0008,66.29,2026-02-06 12:00:45,Walmart,retail,fp-0008,US,wallet,0
TXN-10622,ACCT-0005,10.88,2026-02-15 11:58:45,Starbucks,food,fp-0005,US,card-present,0
TXN-10697,ACCT-0038,11.01,2026-02-25 21:08:25,Walmart,retail,fp-0038,CA,bank-transfer,0
TXN-10436,ACCT-0018,56.96,2026-02-16 20:44:51,Amazon,retail,fp-0118,US,bank-transfer,0
TXN-10444,ACCT-0038,14.62,2026-02-05 15:58:04,Spotify,entertainment,fp-0138,CA,card-present,0
TXN-10190,ACCT-0024,18.10,2026-02-25 18:39:51,Netflix,entertainment,fp-0124,US,card-not-present,0
TXN-10377,ACCT-0007,49.79,2026-02-13 10:45:01,Amazon,retail,fp-0007,US,card-not-present,0
TXN-BENFORD-16,ACCT-0031,521.41,2026-02-09 18:36:59,CryptoExchange-X,crypto,fp-ring-shared-01,NL,wallet,1
TXN-10092,ACCT-0009,20.32,2026-02-14 21:25:49,Starbucks,food,fp-0009,CA,card-present,0
TXN-10698,ACCT-0022,208.19,2026-02-26 20:48:23,AirlineTickets,travel,fp-0022,GB,card-present,0
TXN-10274,ACCT-0007,73.26,2026-02-01 15:21:51,Walmart,retail,fp-0007,US,card-present,0
TXN-10487,ACCT-0037,28.29,2026-02-12 20:14:46,Target,retail,fp-0037,US,wallet,0
TXN-10552,ACCT-0048,171.32,2026-02-04 13:11:24,AirlineTickets,travel,fp-0148,US,card-not-present,0
TXN-10456,ACCT-0044,80.01,2026-02-07 00:06:39,Walmart,retail,fp-0144,US,card-not-present,0
TXN-10501,ACCT-0048,278.44,2026-02-01 20:33:19,AirlineTickets,travel,fp-0048,US,card-not-present,0
TXN-ROUND-7,ACCT-0040,4500.00,2026-02-05 19:12:25,GiftCardKiosk-A,gift_cards,fp-round-struct-01,US,card-not-present,1
TXN-10524,ACCT-0008,322.33,2026-02-17 00:28:25,HotelChain,travel,fp-0008,US,card-not-present,0
TXN-10750,ACCT-0017,567.68,2026-02-22 13:17:10,DigitalGoods-Z,digital_goods,fp-0017,US,wallet,0
TXN-10098,ACCT-0037,21.42,2026-02-08 19:22:57,Uber,transport,fp-0137,US,card-present,0
TXN-10367,ACCT-0012,293.12,2026-03-02 20:16:07,HotelChain,travel,fp-0112,CA,card-not-present,0
TXN-10134,ACCT-0037,16.86,2026-02-08 02:34:11,Spotify,entertainment,fp-0137,US,ach,0
TXN-10317,ACCT-0049,172.39,2026-02-14 04:41:47,BestBuy,electronics,fp-0049,US,card-present,0
TXN-10442,ACCT-0009,115.04,2026-02-23 06:30:10,UtilityPay,utilities,fp-0009,CA,bank-transfer,0
TXN-10502,ACCT-0045,213.91,2026-02-10 23:45:28,AirlineTickets,travel,fp-0145,US,card-not-present,0
TXN-10305,ACCT-0006,31.59,2026-02-27 07:51:16,Netflix,entertainment,fp-0006,US,ach,0
TXN-10123,ACCT-0022,479.58,2026-02-06 07:32:52,AirlineTickets,travel,fp-0122,GB,ach,0
TXN-10583,ACCT-0028,203.61,2026-02-22 17:55:16,AirlineTickets,travel,fp-0028,CA,card-not-present,0
TXN-ROUND-3,ACCT-0040,1500.00,2026-02-12 21:02:54,GiftCardKiosk-A,gift_cards,fp-round-struct-01,US,card-not-present,1
TXN-10412,ACCT-0037,544.47,2026-02-06 14:14:18,AirlineTickets,travel,fp-0137,US,card-not-present,0
TXN-10397,ACCT-0004,132.54,2026-02-27 10:13:30,Target,retail,fp-0004,CA,card-present,0
TXN-10166,ACCT-0027,127.60,2026-02-13 10:12:15,Amazon,retail,fp-0027,CA,wallet,0
TXN-10213,ACCT-0045,120.24,2026-02-07 07:17:44,Walmart,retail,fp-0045,US,card-not-present,0
TXN-10771,ACCT-0039,95.46,2026-03-03 02:14:47,UtilityPay,utilities,fp-0139,US,bank-transfer,0
TXN-10663,ACCT-0024,13.49,2026-03-03 00:44:11,Amazon,retail,fp-0124,US,card-not-present,0
TXN-10561,ACCT-0017,14.56,2026-02-12 07:00:00,Spotify,entertainment,fp-0117,US,ach,0
TXN-10245,ACCT-0021,32.24,2026-02-19 16:16:01,PharmacyOne,health,fp-0021,US,ach,0
TXN-10182,ACCT-0026,70.74,2026-02-17 04:20:12,Shell-Gas,gas,fp-0126,US,card-present,0
TXN-10261,ACCT-0027,49.59,2026-02-02 06:53:12,Amazon,retail,fp-0127,CA,card-not-present,0
TXN-10408,ACCT-0019,13.50,2026-02-27 03:47:23,Netflix,entertainment,fp-0019,US,ach,0
TXN-10094,ACCT-0032,410.63,2026-02-10 12:33:56,HotelChain,travel,fp-0032,US,card-not-present,0
TXN-10679,ACCT-0027,70.60,2026-02-17 12:12:37,Walmart,retail,fp-0027,CA,card-not-present,0
TXN-BENFORD-5,ACCT-0031,668.68,2026-02-08 12:04:03,GiftCardKiosk-A,gift_cards,fp-benford-aux-1,US,wallet,1
TXN-10072,ACCT-0002,54.65,2026-02-10 08:58:27,Walmart,retail,fp-0102,US,card-not-present,0
TXN-10056,ACCT-0023,3.31,2026-02-24 11:53:38,Starbucks,food,fp-0023,GB,wallet,0
TXN-10330,ACCT-0049,88.31,2026-02-21 05:08:05,UtilityPay,utilities,fp-0049,US,ach,0
TXN-10649,ACCT-0026,26.70,2026-02-14 02:48:58,PharmacyOne,health,fp-0026,US,card-not-present,0
TXN-10049,ACCT-0010,255.40,2026-02-22 13:10:48,DigitalGoods-Z,digital_goods,fp-0010,US,wallet,0
TXN-10216,ACCT-0044,313.00,2026-02-27 19:08:01,AirlineTickets,travel,fp-0044,US,card-not-present,0
TXN-10132,ACCT-0048,108.08,2026-02-12 12:34:03,HotelChain,travel,fp-0148,US,card-not-present,0
TXN-10332,ACCT-0009,32.42,2026-02-01 22:58:41,HotelChain,travel,fp-0109,CA,card-not-present,0
TXN-10463,ACCT-0033,23.41,2026-02-16 02:13:19,Netflix,entertainment,fp-0033,US,card-not-present,0
TXN-10044,ACCT-0019,11.67,2026-02-05 09:11:41,Spotify,entertainment,fp-0119,US,card-not-present,0
TXN-10337,ACCT-0036,404.28,2026-03-01 05:04:01,AirlineTickets,travel,fp-0036,US,card-not-present,0
TXN-10683,ACCT-0050,107.84,2026-02-09 15:06:27,Walmart,retail,fp-0150,US,card-present,0
TXN-10275,ACCT-0036,13.38,2026-02-16 16:47:48,Spotify,entertainment,fp-0136,US,card-not-present,0
TXN-10742,ACCT-0028,18.68,2026-02-12 20:34:29,Shell-Gas,gas,fp-0028,CA,card-present,0
TXN-10491,ACCT-0011,487.31,2026-02-26 06:26:15,DigitalGoods-Z,digital_goods,fp-0011,CA,card-not-present,0
TXN-10471,ACCT-0020,389.65,2026-02-28 13:57:07,DigitalGoods-Z,digital_goods,fp-0120,US,card-not-present,0
TXN-10083,ACCT-0017,490.87,2026-02-25 10:34:29,AirlineTickets,travel,fp-0017,US,card-not-present,0
TXN-10760,ACCT-0017,103.01,2026-02-03 17:50:49,Amazon,retail,fp-0017,US,card-not-present,0
TXN-10157,ACCT-0042,247.60,2026-02-11 05:24:32,AirlineTickets,travel,fp-0042,US,card-not-present,0
TXN-GEO-1,ACCT-0025,1582.41,2026-02-19 01:11:00,CryptoExchange-X,crypto,fp-prague-emulator-77,RU,card-not-present,1
TXN-10108,ACCT-0025,87.40,2026-02-15 22:32:32,UtilityPay,utilities,fp-0125,GB,bank-transfer,0
TXN-10382,ACCT-0035,40.85,2026-03-02 19:31:00,Uber,transport,fp-0135,US,wallet,0
TXN-10403,ACCT-0049,144.57,2026-02-28 20:19:01,BestBuy,electronics,fp-0149,US,card-not-present,0
TXN-10124,ACCT-0017,469.17,2026-02-06 22:53:33,AirlineTickets,travel,fp-0017,US,card-not-present,0
TXN-10291,ACCT-0046,30.94,2026-02-02 04:11:36,Walmart,retail,fp-0046,US,card-present,0
TXN-10026,ACCT-0027,391.89,2026-02-19 04:06:52,DigitalGoods-Z,digital_goods,fp-0127,CA,card-not-present,0
TXN-10336,ACCT-0001,40.47,2026-02-27 00:29:53,Amazon,retail,fp-0001,CA,card-not-present,0
TXN-10096,ACCT-0027,96.62,2026-03-01 16:09:25,Shell-Gas,gas,fp-0127,CA,card-present,0
TXN-10510,ACCT-0034,128.62,2026-02-08 07:43:03,HotelChain,travel,fp-0034,GB,bank-transfer,0
TXN-10252,ACCT-0001,206.39,2026-03-02 01:13:37,BestBuy,electronics,fp-0001,CA,card-present,0
TXN-10078,ACCT-0012,103.93,2026-02-09 10:33:01,Amazon,retail,fp-0012,CA,card-not-present,0
TXN-10426,ACCT-0012,90.73,2026-02-02 16:11:22,UtilityPay,utilities,fp-0012,CA,card-not-present,0
TXN-GEO-2,ACCT-0025,1070.50,2026-02-19 01:22:00,AirlineTickets,travel,fp-prague-emulator-77,CZ,card-not-present,1
TXN-10773,ACCT-0026,7.91,2026-02-16 17:12:25,Netflix,entertainment,fp-0026,US,card-not-present,0
TXN-10744,ACCT-0027,79.41,2026-02-26 17:52:59,Target,retail,fp-0127,CA,ach,0
TXN-10004,ACCT-0050,335.82,2026-02-03 13:05:45,AirlineTickets,travel,fp-0050,US,card-not-present,0
TXN-10597,ACCT-0025,18.16,2026-03-02 12:42:51,Spotify,entertainment,fp-0025,GB,card-not-present,0
TXN-10709,ACCT-0016,188.28,2026-02-13 19:25:04,HotelChain,travel,fp-0016,US,card-not-present,0
TXN-10599,ACCT-0045,260.03,2026-02-28 20:56:08,HotelChain,travel,fp-0045,US,card-not-present,0
TXN-10576,ACCT-0023,69.02,2026-02-05 16:30:39,Target,retail,fp-0123,GB,card-present,0
TXN-10279,ACCT-0009,8.71,2026-02-01 18:28:57,Starbucks,food,fp-0109,CA,wallet,0
TXN-10520,ACCT-0017,162.91,2026-02-08 18:06:24,BestBuy,electronics,fp-0017,US,bank-transfer,0
TXN-10759,ACCT-0031,421.35,2026-02-14 07:52:10,AirlineTickets,travel,fp-0031,US,card-not-present,0
TXN-10721,ACCT-0040,15.78,2026-02-18 16:24:11,Spotify,entertainment,fp-0040,US,card-not-present,0
TXN-10290,ACCT-0014,14.33,2026-02-16 02:16:05,Spotify,entertainment,fp-0014,US,card-not-present,0
TXN-10736,ACCT-0008,181.67,2026-02-13 17:55:29,Amazon,retail,fp-0008,US,ach,0
TXN-10095,ACCT-0025,1.50,2026-03-01 07:19:06,BestBuy,electronics,fp-0025,GB,card-present,0
TXN-10357,ACCT-0025,103.63,2026-02-14 07:37:26,Target,retail,fp-0025,GB,wallet,0
TXN-10126,ACCT-0024,15.98,2026-02-19 09:21:25,Spotify,entertainment,fp-0124,US,card-not-present,0
TXN-10151,ACCT-0036,331.27,2026-02-23 11:41:13,AirlineTickets,travel,fp-0036,US,card-not-present,0
TXN-10115,ACCT-0017,13.71,2026-02-05 06:01:59,Spotify,entertainment,fp-0117,US,wallet,0
TXN-10667,ACCT-0019,7.64,2026-02-06 19:03:18,Starbucks,food,fp-0119,US,wallet,0
TXN-10468,ACCT-0044,130.01,2026-02-17 18:38:05,Walmart,retail,fp-0044,US,card-present,0
TXN-10496,ACCT-0013,17.21,2026-02-27 09:54:48,Spotify,entertainment,fp-0013,GB,ach,0
TXN-10574,ACCT-0019,37.13,2026-02-01 20:58:03,PharmacyOne,health,fp-0019,US,card-not-present,0
TXN-10365,ACCT-0038,379.38,2026-03-01 08:27:56,HotelChain,travel,fp-0138,CA,card-not-present,0
TXN-10452,ACCT-0014,605.34,2026-02-17 18:12:29,AirlineTickets,travel,fp-0014,US,card-not-present,0
TXN-10041,ACCT-0033,97.55,2026-02-13 05:24:33,Walmart,retail,fp-0033,US,card-not-present,0
TXN-10732,ACCT-0009,9.78,2026-02-11 00:19:38,AirlineTickets,travel,fp-0009,CA,card-not-present,0
TXN-10118,ACCT-0032,44.00,2026-02-04 19:11:41,Walmart,retail,fp-0132,US,card-not-present,0
TXN-ROUND-6,ACCT-0040,3000.00,2026-02-16 19:04:45,GiftCardKiosk-A,gift_cards,fp-round-struct-01,US,card-not-present,1
TXN-10478,ACCT-0015,125.05,2026-02-23 18:57:54,HotelChain,travel,fp-0115,GB,card-not-present,0
TXN-10167,ACCT-0010,67.83,2026-02-03 01:40:26,Target,retail,fp-0010,US,wallet,0
TXN-10658,ACCT-0046,19.70,2026-02-13 17:57:30,Uber,transport,fp-0046,US,wallet,0
TXN-10481,ACCT-0003,7.69,2026-02-09 17:24:29,Spotify,entertainment,fp-0103,US,card-not-present,0
TXN-10036,ACCT-0011,516.65,2026-02-26 04:45:22,AirlineTickets,travel,fp-0111,CA,card-not-present,0
TXN-10187,ACCT-0046,19.06,2026-03-03 18:42:27,Netflix,entertainment,fp-0146,US,card-not-present,0
TXN-10235,ACCT-0034,16.03,2026-02-04 21:48:04,Netflix,entertainment,fp-0134,GB,bank-transfer,0
TXN-10055,ACCT-0027,37.60,2026-02-28 20:08:46,Uber,transport,fp-0027,CA,wallet,0
TXN-RING-8,ACCT-0031,1434.80,2026-02-14 02:56:00,DigitalGoods-Z,digital_goods,fp-ring-shared-01,US,wallet,1
TXN-10723,ACCT-0012,466.31,2026-02-18 02:13:05,DigitalGoods-Z,digital_goods,fp-0012,CA,card-present,0
TXN-10054,ACCT-0025,114.50,2026-02-06 00:05:25,HotelChain,travel,fp-0125,GB,card-not-present,0
TXN-10450,ACCT-0035,10.66,2026-02-27 20:57:51,Starbucks,food,fp-0035,US,card-present,0
TXN-10569,ACCT-0035,15.86,2026-02-07 07:36:24,Uber,transport,fp-0035,US,wallet,0
TXN-10154,ACCT-0019,46.71,2026-02-13 18:41:58,Uber,transport,fp-0119,US,card-not-present,0
TXN-OUTLIER-10,ACCT-0046,17326.03,2026-02-13 09:36:25,CryptoExchange-X,crypto,fp-suspicious-1,NG,card-not-present,1
TXN-10323,ACCT-0009,253.46,2026-02-09 15:25:56,BestBuy,electronics,fp-0109,CA,wallet,0
TXN-10168,ACCT-0001,13.60,2026-02-01 23:29:56,Walmart,retail,fp-0101,CA,card-present,0
TXN-10446,ACCT-0025,28.16,2026-03-03 07:36:39,Uber,transport,fp-0125,GB,wallet,0
TXN-VELOCITY-3,ACCT-0008,828.90,2026-02-16 02:08:00,DigitalGoods-Z,digital_goods,fp-ring-shared-01,RU,wallet,1
TXN-10529,ACCT-0036,116.45,2026-02-18 14:20:49,UtilityPay,utilities,fp-0036,US,ach,0
TXN-10270,ACCT-0045,361.39,2026-02-04 03:30:26,HotelChain,travel,fp-0045,US,card-not-present,0
TXN-10627,ACCT-0041,134.55,2026-02-01 17:51:15,BestBuy,electronics,fp-0141,US,card-present,0
TXN-10269,ACCT-0016,11.86,2026-02-26 14:30:50,PharmacyOne,health,fp-0116,US,card-present,0
TXN-10725,ACCT-0018,10.73,2026-02-21 20:32:29,Spotify,entertainment,fp-0118,US,card-not-present,0
TXN-10440,ACCT-0040,34.21,2026-02-15 22:34:41,PharmacyOne,health,fp-0040,US,card-present,0
TXN-10369,ACCT-0021,387.55,2026-03-02 10:58:40,AirlineTickets,travel,fp-0021,US,card-not-present,0
TXN-10287,ACCT-0007,6.56,2026-02-08 11:07:14,Starbucks,food,fp-0007,US,wallet,0
TXN-10511,ACCT-0023,612.62,2026-02-13 13:00:59,DigitalGoods-Z,digital_goods,fp-0023,GB,ach,0
TXN-10130,ACCT-0015,26.45,2026-02-11 18:10:24,Uber,transport,fp-0115,GB,wallet,0
TXN-10045,ACCT-0001,1.50,2026-02-10 04:30:09,Starbucks,food,fp-0101,CA,wallet,0
TXN-10320,ACCT-0020,142.81,2026-02-13 08:18:11,Target,retail,fp-0020,US,card-present,0
TXN-10119,ACCT-0032,53.16,2026-02-14 04:03:09,PharmacyOne,health,fp-0132,US,card-present,0
TXN-10670,ACCT-0048,96.06,2026-02-20 01:00:25,Walmart,retail,fp-0048,US,card-present,0
TXN-10145,ACCT-0007,195.76,2026-02-14 14:34:41,BestBuy,electronics,fp-0107,US,card-not-present,0
TXN-10443,ACCT-0013,319.22,2026-02-11 22:13:01,HotelChain,travel,fp-0013,GB,card-not-present,0
TXN-10543,ACCT-0020,126.09,2026-02-24 19:37:28,Amazon,retail,fp-0020,US,card-not-present,0
TXN-10324,ACCT-0014,14.67,2026-02-19 14:36:39,Spotify,entertainment,fp-0014,US,card-not-present,0
TXN-10751,ACCT-0004,97.64,2026-02-11 11:14:06,Target,retail,fp-0104,CA,card-present,0
TXN-10675,ACCT-0034,105.29,2026-02-14 12:46:05,UtilityPay,utilities,fp-0134,GB,bank-transfer,0
TXN-10479,ACCT-0023,543.18,2026-02-10 19:30:05,AirlineTickets,travel,fp-0023,GB,card-present,0
TXN-10347,ACCT-0015,15.96,2026-03-01 16:29:23,Walmart,retail,fp-0015,GB,card-present,0
TXN-10504,ACCT-0036,11.94,2026-02-16 11:42:43,Spotify,entertainment,fp-0036,US,card-not-present,0
TXN-10515,ACCT-0031,321.35,2026-02-08 19:44:51,AirlineTickets,travel,fp-0131,US,card-not-present,0
TXN-10173,ACCT-0002,52.88,2026-02-25 04:21:45,Shell-Gas,gas,fp-0002,US,wallet,0
TXN-10753,ACCT-0049,117.21,2026-02-19 08:17:01,Walmart,retail,fp-0149,US,card-not-present,0
TXN-10183,ACCT-0016,357.28,2026-02-20 21:16:25,AirlineTickets,travel,fp-0016,US,card-not-present,0
TXN-10594,ACCT-0030,17.64,2026-03-01 01:35:14,Spotify,entertainment,fp-0130,GB,card-not-present,0
TXN-10042,ACCT-0035,472.47,2026-02-23 09:18:09,DigitalGoods-Z,digital_goods,fp-0135,US,wallet,0
TXN-10572,ACCT-0021,137.98,2026-02-12 23:04:45,UtilityPay,utilities,fp-0021,US,ach,0
TXN-10135,ACCT-0015,273.56,2026-02-14 13:18:50,AirlineTickets,travel,fp-0015,GB,card-not-present,0
TXN-10379,ACCT-0006,17.22,2026-02-26 19:10:20,Netflix,entertainment,fp-0106,US,wallet,0
TXN-10404,ACCT-0047,122.21,2026-02-21 15:06:43,Amazon,retail,fp-0047,US,card-not-present,0
TXN-10309,ACCT-0009,1.50,2026-02-05 21:01:15,BestBuy,electronics,fp-0109,CA,card-not-present,0
TXN-10390,ACCT-0031,13.40,2026-02-28 05:04:23,Starbucks,food,fp-0131,US,card-present,0
TXN-10634,ACCT-0016,43.30,2026-02-15 11:45:05,Shell-Gas,gas,fp-0116,US,card-not-present,0
TXN-10516,ACCT-0031,129.08,2026-02-09 06:58:08,Walmart,retail,fp-0031,US,card-not-present,0
TXN-10259,ACCT-0009,98.53,2026-02-20 05:24:38,UtilityPay,utilities,fp-0009,CA,ach,0
TXN-10005,ACCT-0032,38.13,2026-02-28 06:03:01,Uber,transport,fp-0132,US,card-not-present,0
TXN-10046,ACCT-0044,195.79,2026-02-17 04:22:19,BestBuy,electronics,fp-0144,US,card-not-present,0
TXN-10612,ACCT-0017,78.07,2026-02-22 16:17:29,Shell-Gas,gas,fp-0017,US,card-present,0
TXN-10620,ACCT-0012,54.86,2026-02-21 21:01:37,Target,retail,fp-0012,CA,wallet,0
TXN-10362,ACCT-0048,150.93,2026-02-12 11:07:49,HotelChain,travel,fp-0048,US,bank-transfer,0
TXN-OUTLIER-1,ACCT-0017,19042.66,2026-02-10 21:42:09,DigitalGoods-Z,digital_goods,fp-suspicious-0,CN,card-not-present,1
TXN-10240,ACCT-0035,39.95,2026-02-17 15:22:24,Uber,transport,fp-0135,US,wallet,0
TXN-BENFORD-18,ACCT-0031,768.27,2026-03-02 18:32:14,GiftCardKiosk-A,gift_cards,fp-ring-shared-01,US,card-not-present,1
TXN-VELOCITY-10,ACCT-0008,697.16,2026-02-16 02:23:00,CryptoExchange-X,crypto,fp-ring-shared-01,RU,wallet,1
TXN-10060,ACCT-0027,1.50,2026-02-26 15:54:51,Starbucks,food,fp-0127,CA,card-present,0
TXN-10570,ACCT-0050,220.75,2026-02-19 01:19:31,DigitalGoods-Z,digital_goods,fp-0050,US,card-not-present,0
TXN-10097,ACCT-0031,58.62,2026-02-11 18:43:32,Shell-Gas,gas,fp-0131,US,card-present,0
TXN-10074,ACCT-0047,183.66,2026-02-11 06:37:24,BestBuy,electronics,fp-0147,US,card-not-present,0
TXN-10262,ACCT-0045,473.38,2026-02-14 20:10:16,DigitalGoods-Z,digital_goods,fp-0045,US,card-not-present,0
TXN-10611,ACCT-0009,23.16,2026-02-13 23:36:39,Uber,transport,fp-0109,CA,card-not-present,0
TXN-10433,ACCT-0045,258.75,2026-02-20 03:15:25,HotelChain,travel,fp-0045,US,card-not-present,0
TXN-10392,ACCT-0039,542.60,2026-02-04 06:45:44,DigitalGoods-Z,digital_goods,fp-0139,US,card-not-present,0
TXN-10217,ACCT-0020,68.51,2026-03-02 05:23:04,BestBuy,electronics,fp-0120,US,card-present,0
TXN-10407,ACCT-0015,27.66,2026-02-08 14:02:37,Shell-Gas,gas,fp-0115,GB,wallet,0
TXN-10331,ACCT-0028,13.68,2026-02-15 07:05:40,Walmart,retail,fp-0028,CA,card-present,0
TXN-RING-7,ACCT-0016,1465.74,2026-02-14 02:49:00,CryptoExchange-X,crypto,fp-ring-shared-01,DE,wallet,1
TXN-10480,ACCT-0035,177.19,2026-02-09 18:39:47,BestBuy,electronics,fp-0035,US,card-present,0
TXN-10010,ACCT-0007,91.91,2026-02-20 15:03:28,UtilityPay,utilities,fp-0007,US,ach,0
TXN-10087,ACCT-0049,574.29,2026-02-06 21:25:34,AirlineTickets,travel,fp-0149,US,bank-transfer,0
TXN-10469,ACCT-0033,96.34,2026-02-10 10:58:32,Walmart,retail,fp-0033,US,bank-transfer,0
TXN-10768,ACCT-0028,46.08,2026-02-27 14:56:16,BestBuy,electronics,fp-0028,CA,bank-transfer,0
TXN-10700,ACCT-0045,46.83,2026-02-18 04:53:38,Shell-Gas,gas,fp-0145,US,card-present,0
TXN-10596,ACCT-0025,123.55,2026-03-03 15:23:38,UtilityPay,utilities,fp-0125,GB,ach,0
TXN-10378,ACCT-0028,54.97,2026-02-10 13:57:47,Walmart,retail,fp-0028,CA,card-present,0
TXN-10254,ACCT-0033,9.49,2026-02-15 19:56:14,Netflix,entertainment,fp-0033,US,card-not-present,0
TXN-10461,ACCT-0008,558.25,2026-02-11 19:53:40,DigitalGoods-Z,digital_goods,fp-0008,US,card-not-present,0
TXN-10756,ACCT-0005,38.30,2026-02-26 11:45:58,Walmart,retail,fp-0005,US,ach,0
TXN-10241,ACCT-0035,7.74,2026-02-17 19:14:21,Uber,transport,fp-0135,US,wallet,0
TXN-10761,ACCT-0023,97.18,2026-02-04 14:01:26,Amazon,retail,fp-0123,GB,wallet,0
TXN-10297,ACCT-0021,122.26,2026-02-08 12:08:37,Walmart,retail,fp-0021,US,card-not-present,0
TXN-10029,ACCT-0011,19.74,2026-02-26 18:54:23,Netflix,entertainment,fp-0011,CA,card-not-present,0
TXN-10149,ACCT-0010,13.78,2026-02-03 15:00:01,Netflix,entertainment,fp-0110,US,card-not-present,0
TXN-10418,ACCT-0011,33.53,2026-02-12 17:02:18,Walmart,retail,fp-0011,CA,card-present,0
TXN-10184,ACCT-0024,34.23,2026-02-14 15:04:36,Shell-Gas,gas,fp-0124,US,card-not-present,0
TXN-10428,ACCT-0047,1.50,2026-02-12 16:13:51,Walmart,retail,fp-0147,US,card-not-present,0
TXN-10193,ACCT-0004,89.66,2026-02-05 02:09:50,UtilityPay,utilities,fp-0004,CA,card-present,0
TXN-10693,ACCT-0035,505.79,2026-02-10 21:31:35,DigitalGoods-Z,digital_goods,fp-0135,US,card-not-present,0
TXN-10289,ACCT-0006,79.01,2026-02-26 17:19:40,Walmart,retail,fp-0106,US,card-not-present,0
TXN-10220,ACCT-0048,22.64,2026-02-08 06:25:44,Netflix,entertainment,fp-0048,US,card-not-present,0
TXN-OUTLIER-20,ACCT-0049,13407.48,2026-02-12 04:14:07,CryptoExchange-X,crypto,fp-suspicious-2,NG,card-not-present,1
TXN-10211,ACCT-0017,528.74,2026-02-25 07:29:08,DigitalGoods-Z,digital_goods,fp-0017,US,card-not-present,0
TXN-10441,ACCT-0041,398.63,2026-02-10 09:50:06,AirlineTickets,travel,fp-0041,US,bank-transfer,0
TXN-GEO-3,ACCT-0025,1171.49,2026-02-19 01:33:00,HotelChain,travel,fp-prague-emulator-77,CZ,card-not-present,1
TXN-10391,ACCT-0009,7.02,2026-03-02 19:50:15,Starbucks,food,fp-0109,CA,wallet,0
TXN-10740,ACCT-0013,74.90,2026-02-04 09:20:30,Amazon,retail,fp-0113,GB,card-not-present,0
TXN-10294,ACCT-0046,251.15,2026-02-07 23:48:15,BestBuy,electronics,fp-0046,US,card-not-present,0
TXN-10272,ACCT-0023,12.06,2026-03-01 19:40:51,Spotify,entertainment,fp-0123,GB,card-not-present,0
TXN-10195,ACCT-0040,23.27,2026-02-04 12:46:54,Spotify,entertainment,fp-0040,US,card-not-present,0
TXN-10208,ACCT-0009,390.53,2026-02-11 14:19:34,HotelChain,travel,fp-0009,CA,wallet,0
TXN-GEO-BASE-1,ACCT-0025,102.91,2026-02-08 08:42:00,Uber,transport,fp-0025,GB,card-not-present,0
TXN-10772,ACCT-0046,485.60,2026-02-18 22:27:19,AirlineTickets,travel,fp-0146,US,card-not-present,0
TXN-10121,ACCT-0013,43.07,2026-03-02 07:22:56,Walmart,retail,fp-0013,GB,card-present,0
TXN-10506,ACCT-0045,488.63,2026-02-22 14:17:16,DigitalGoods-Z,digital_goods,fp-0045,US,bank-transfer,0
TXN-10689,ACCT-0023,57.51,2026-02-22 00:23:55,Shell-Gas,gas,fp-0023,GB,wallet,0
TXN-BENFORD-2,ACCT-0031,905.99,2026-02-07 14:19:43,GiftCardKiosk-A,gift_cards,fp-ring-shared-01,US,wallet,1
TXN-10445,ACCT-0045,19.24,2026-02-07 00:59:14,PharmacyOne,health,fp-0145,US,card-not-present,0
TXN-10538,ACCT-0025,9.77,2026-02-08 16:08:31,Starbucks,food,fp-0025,GB,card-present,0
TXN-10735,ACCT-0003,509.77,2026-02-11 00:25:41,DigitalGoods-Z,digital_goods,fp-0103,US,card-not-present,0
TXN-10014,ACCT-0026,280.39,2026-02-21 01:54:35,DigitalGoods-Z,digital_goods,fp-0026,US,wallet,0
TXN-10120,ACCT-0016,1.50,2026-02-12 20:11:34,UtilityPay,utilities,fp-0116,US,ach,0
TXN-10580,ACCT-0041,20.28,2026-02-03 06:13:11,Uber,transport,fp-0041,US,card-not-present,0
TXN-10174,ACCT-0023,15.71,2026-02-11 21:33:53,Spotify,entertainment,fp-0123,GB,card-not-present,0
TXN-10777,ACCT-0035,39.53,2026-03-01 20:50:42,Amazon,retail,fp-0035,US,wallet,0
TXN-10764,ACCT-0024,287.29,2026-02-19 05:55:41,HotelChain,travel,fp-0124,US,card-not-present,0
TXN-10152,ACCT-0033,94.87,2026-03-02 08:04:08,Target,retail,fp-0033,US,card-present,0
TXN-OUTLIER-11,ACCT-0046,23803.87,2026-02-23 05:50:09,DigitalGoods-Z,digital_goods,fp-suspicious-1,RU,card-not-present,1
TXN-10614,ACCT-0003,337.02,2026-02-06 15:39:07,AirlineTickets,travel,fp-0003,US,card-not-present,0
TXN-10439,ACCT-0030,37.70,2026-02-12 04:45:45,Shell-Gas,gas,fp-0130,GB,wallet,0
TXN-10632,ACCT-0010,3.92,2026-02-26 17:29:52,Starbucks,food,fp-0110,US,card-present,0
TXN-VELOCITY-4,ACCT-0008,379.40,2026-02-16 03:00:00,GiftCardKiosk-A,gift_cards,fp-ring-shared-01,RU,wallet,1
TXN-10050,ACCT-0045,17.24,2026-02-15 14:55:06,Spotify,entertainment,fp-0145,US,bank-transfer,0
TXN-10172,ACCT-0033,409.23,2026-03-03 07:25:09,AirlineTickets,travel,fp-0133,US,card-not-present,0
TXN-10718,ACCT-0016,315.22,2026-03-03 06:12:57,DigitalGoods-Z,digital_goods,fp-0016,US,wallet,0
TXN-10268,ACCT-0021,119.86,2026-03-02 13:02:14,Amazon,retail,fp-0021,US,wallet,0
TXN-VELOCITY-11,ACCT-0008,658.40,2026-02-16 03:06:00,CryptoExchange-X,crypto,fp-ring-shared-01,RU,wallet,1
TXN-10473,ACCT-0048,333.31,2026-02-11 21:16:17,HotelChain,travel,fp-0048,US,card-not-present,0
TXN-10091,ACCT-0034,51.46,2026-02-20 07:14:14,Shell-Gas,gas,fp-0034,GB,card-present,0
TXN-10234,ACCT-0006,16.48,2026-02-15 03:41:21,Spotify,entertainment,fp-0006,US,card-not-present,0
TXN-10641,ACCT-0036,62.16,2026-02-10 02:02:35,Shell-Gas,gas,fp-0136,US,card-present,0
TXN-10626,ACCT-0041,271.50,2026-02-05 10:10:25,AirlineTickets,travel,fp-0041,US,card-not-present,0
TXN-10662,ACCT-0012,25.36,2026-02-19 20:01:03,Uber,transport,fp-0112,CA,ach,0
TXN-10571,ACCT-0033,15.18,2026-02-21 09:07:57,Shell-Gas,gas,fp-0133,US,ach,0
TXN-10023,ACCT-0014,136.57,2026-02-19 01:00:37,Amazon,retail,fp-0114,US,card-not-present,0
TXN-10021,ACCT-0011,13.74,2026-02-15 23:42:43,Uber,transport,fp-0011,CA,card-not-present,0
TXN-10229,ACCT-0006,19.31,2026-02-21 11:08:19,Uber,transport,fp-0106,US,card-not-present,0
TXN-10584,ACCT-0037,211.00,2026-02-18 19:32:27,BestBuy,electronics,fp-0137,US,card-not-present,0
TXN-10386,ACCT-0036,1.50,2026-02-18 10:35:29,Uber,transport,fp-0136,US,card-not-present,0
TXN-10402,ACCT-0031,91.06,2026-02-11 13:09:28,Walmart,retail,fp-0131,US,card-present,0
TXN-10186,ACCT-0014,44.99,2026-02-10 11:42:43,PharmacyOne,health,fp-0014,US,card-not-present,0
TXN-10376,ACCT-0007,6.42,2026-02-07 13:57:33,Shell-Gas,gas,fp-0107,US,wallet,0
TXN-10424,ACCT-0001,360.16,2026-02-04 00:33:33,DigitalGoods-Z,digital_goods,fp-0001,CA,card-not-present,0
TXN-10086,ACCT-0003,58.06,2026-02-23 17:08:39,Uber,transport,fp-0003,US,wallet,0
TXN-10203,ACCT-0030,210.74,2026-02-07 22:57:11,BestBuy,electronics,fp-0130,GB,card-not-present,0
TXN-10288,ACCT-0030,362.46,2026-02-22 03:10:02,AirlineTickets,travel,fp-0030,GB,card-not-present,0
TXN-10335,ACCT-0037,86.96,2026-02-12 11:10:19,Target,retail,fp-0037,US,card-present,0
TXN-10607,ACCT-0048,44.96,2026-02-19 11:24:08,PharmacyOne,health,fp-0048,US,card-present,0
TXN-10703,ACCT-0003,61.52,2026-02-07 00:10:54,PharmacyOne,health,fp-0103,US,card-not-present,0
TXN-10177,ACCT-0050,159.27,2026-02-27 11:08:02,Amazon,retail,fp-0150,US,bank-transfer,0
TXN-10266,ACCT-0028,786.84,2026-02-25 05:16:13,DigitalGoods-Z,digital_goods,fp-0028,CA,card-not-present,0
TXN-10136,ACCT-0018,482.16,2026-02-24 18:58:03,HotelChain,travel,fp-0118,US,card-not-present,0
TXN-10752,ACCT-0024,23.74,2026-02-21 00:23:08,Uber,transport,fp-0024,US,card-present,0
TXN-10489,ACCT-0015,75.59,2026-02-16 21:23:36,Walmart,retail,fp-0015,GB,card-present,0
TXN-10462,ACCT-0021,27.07,2026-03-01 09:56:10,Uber,transport,fp-0021,US,wallet,0
TXN-10327,ACCT-0001,2.71,2026-02-08 09:51:07,Starbucks,food,fp-0101,CA,wallet,0
TXN-10420,ACCT-0017,14.69,2026-02-22 11:33:18,Netflix,entertainment,fp-0017,US,card-not-present,0
TXN-10702,ACCT-0050,16.43,2026-02-22 04:40:09,Netflix,entertainment,fp-0050,US,card-not-present,0
TXN-10608,ACCT-0003,315.60,2026-02-17 02:58:28,BestBuy,electronics,fp-0003,US,card-present,0
TXN-10133,ACCT-0043,287.06,2026-02-14 14:08:01,AirlineTickets,travel,fp-0143,US,card-not-present,0
TXN-RING-1,ACCT-0016,582.98,2026-02-14 02:07:00,CryptoExchange-X,crypto,fp-ring-shared-01,DE,wallet,1
TXN-10664,ACCT-0045,137.67,2026-02-06 01:38:05,Walmart,retail,fp-0145,US,card-present,0
TXN-RING-6,ACCT-0008,1187.22,2026-02-14 02:42:00,GiftCardKiosk-A,gift_cards,fp-ring-shared-01,NL,wallet,1
TXN-10730,ACCT-0029,453.90,2026-02-20 19:11:42,HotelChain,travel,fp-0129,CA,card-not-present,0
TXN-10528,ACCT-0048,1.50,2026-02-15 11:08:58,Target,retail,fp-0148,US,wallet,0
TXN-10255,ACCT-0003,48.56,2026-02-27 16:45:32,PharmacyOne,health,fp-0103,US,card-not-present,0
TXN-10161,ACCT-0024,174.06,2026-02-23 13:14:04,DigitalGoods-Z,digital_goods,fp-0124,US,wallet,0
TXN-10113,ACCT-0031,286.39,2026-02-10 18:08:54,AirlineTickets,travel,fp-0031,US,card-present,0
TXN-10084,ACCT-0015,507.70,2026-02-05 21:56:17,DigitalGoods-Z,digital_goods,fp-0115,GB,wallet,0
TXN-10589,ACCT-0002,79.39,2026-02-07 21:50:58,Shell-Gas,gas,fp-0102,US,wallet,0
TXN-10321,ACCT-0001,84.06,2026-02-21 02:15:46,PharmacyOne,health,fp-0001,CA,ach,0
TXN-10312,ACCT-0047,21.56,2026-02-20 19:50:20,Netflix,entertainment,fp-0047,US,bank-transfer,0
TXN-10643,ACCT-0006,39.52,2026-02-13 13:06:34,Uber,transport,fp-0106,US,wallet,0
TXN-10204,ACCT-0042,485.34,2026-02-15 18:50:46,DigitalGoods-Z,digital_goods,fp-0142,US,wallet,0
TXN-10410,ACCT-0013,71.30,2026-02-13 23:15:52,Shell-Gas,gas,fp-0013,GB,card-present,0
TXN-10003,ACCT-0011,17.80,2026-02-23 06:08:56,Spotify,entertainment,fp-0111,CA,card-not-present,0
TXN-10139,ACCT-0044,27.22,2026-02-09 21:41:01,Walmart,retail,fp-0144,US,card-not-present,0
TXN-VELOCITY-8,ACCT-0008,694.97,2026-02-16 02:51:00,GiftCardKiosk-A,gift_cards,fp-ring-shared-01,RU,wallet,1
TXN-VELOCITY-0,ACCT-0008,694.67,2026-02-16 02:51:00,CryptoExchange-X,crypto,fp-ring-shared-01,RU,wallet,1
TXN-10454,ACCT-0036,144.66,2026-02-01 20:15:27,Amazon,retail,fp-0136,US,wallet,0
TXN-10645,ACCT-0045,15.89,2026-02-04 09:59:21,Netflix,entertainment,fp-0145,US,card-not-present,0
TXN-10188,ACCT-0036,13.10,2026-02-10 04:19:36,Spotify,entertainment,fp-0036,US,card-not-present,0
TXN-VELOCITY-9,ACCT-0008,800.22,2026-02-16 02:58:00,DigitalGoods-Z,digital_goods,fp-ring-shared-01,RU,wallet,1
TXN-10656,ACCT-0040,21.96,2026-02-13 11:29:26,Spotify,entertainment,fp-0040,US,card-not-present,0
TXN-10053,ACCT-0005,445.04,2026-02-10 00:40:36,HotelChain,travel,fp-0005,US,card-not-present,0
TXN-RING-0,ACCT-0008,1485.42,2026-02-14 02:00:00,GiftCardKiosk-A,gift_cards,fp-ring-shared-01,US,wallet,1
TXN-10028,ACCT-0037,95.70,2026-02-03 14:38:16,Walmart,retail,fp-0037,US,card-present,0
TXN-10711,ACCT-0013,338.46,2026-02-12 05:07:11,DigitalGoods-Z,digital_goods,fp-0013,GB,card-not-present,0
TXN-10464,ACCT-0007,81.87,2026-03-02 23:17:08,Target,retail,fp-0007,US,card-present,0
TXN-10334,ACCT-0034,109.07,2026-02-09 20:33:58,Walmart,retail,fp-0134,GB,card-present,0
TXN-10755,ACCT-0022,63.95,2026-02-04 10:36:05,Target,retail,fp-0022,GB,card-present,0
TXN-10560,ACCT-0030,9.86,2026-02-27 17:48:38,Starbucks,food,fp-0030,GB,wallet,0
TXN-10746,ACCT-0030,286.05,2026-02-18 22:39:09,HotelChain,travel,fp-0130,GB,wallet,0
TXN-10616,ACCT-0009,1.50,2026-02-01 21:33:19,BestBuy,electronics,fp-0009,CA,card-not-present,0
TXN-10430,ACCT-0004,46.36,2026-02-06 08:27:13,UtilityPay,utilities,fp-0104,CA,ach,0
TXN-10360,ACCT-0011,106.32,2026-02-08 21:07:24,Walmart,retail,fp-0011,CA,card-present,0
TXN-10067,ACCT-0046,16.26,2026-02-14 20:42:30,Target,retail,fp-0146,US,wallet,0
TXN-10518,ACCT-0044,285.24,2026-02-25 23:26:58,HotelChain,travel,fp-0044,US,card-not-present,0
TXN-10267,ACCT-0045,35.75,2026-02-15 13:13:06,PharmacyOne,health,fp-0145,US,card-present,0
TXN-10715,ACCT-0028,29.56,2026-02-08 14:02:59,PharmacyOne,health,fp-0028,CA,card-not-present,0
TXN-10164,ACCT-0031,175.73,2026-02-13 01:54:20,UtilityPay,utilities,fp-0131,US,wallet,0
TXN-10102,ACCT-0049,17.58,2026-02-27 10:47:33,Netflix,entertainment,fp-0149,US,card-not-present,0
TXN-10432,ACCT-0027,25.03,2026-02-02 19:52:50,Netflix,entertainment,fp-0027,CA,card-not-present,0
TXN-10734,ACCT-0011,269.85,2026-02-05 11:40:28,BestBuy,electronics,fp-0011,CA,card-present,0
TXN-10340,ACCT-0036,18.41,2026-02-01 15:44:57,Netflix,entertainment,fp-0036,US,card-not-present,0
TXN-10422,ACCT-0007,22.27,2026-02-07 08:41:16,Netflix,entertainment,fp-0107,US,card-not-present,0
TXN-10754,ACCT-0045,248.60,2026-02-12 12:28:05,HotelChain,travel,fp-0145,US,bank-transfer,0
TXN-10482,ACCT-0015,216.78,2026-02-19 13:13:03,AirlineTickets,travel,fp-0115,GB,card-not-present,0
TXN-10503,ACCT-0040,15.57,2026-03-03 07:04:06,Starbucks,food,fp-0140,US,wallet,0
TXN-GEO-BASE-0,ACCT-0025,80.80,2026-02-08 08:00:00,UtilityPay,utilities,fp-0125,GB,card-not-present,0
TXN-OUTLIER-0,ACCT-0017,19896.26,2026-02-22 22:53:37,CryptoExchange-X,crypto,fp-suspicious-0,CN,card-not-present,1
TXN-10082,ACCT-0029,216.80,2026-02-19 06:43:43,HotelChain,travel,fp-0129,CA,card-not-present,0
